Unnamed: 0,match_id,date,match_type,event_name,innings,batting_team,bowling_team,over,ball,ball_no,batter,bat_pos,runs_batter,balls_faced,bowler,valid_ball,runs_extras,runs_total,runs_bowler,runs_not_boundary,extra_type,non_striker,non_striker_pos,wicket_kind,player_out,fielders,runs_target,review_batter,team_reviewed,review_decision,umpire,umpires_call,player_of_match,match_won_by,win_outcome,toss_winner,toss_decision,venue,city,day,month,year,season,gender,team_type,superover_winner,result_type,method,balls_per_over,overs,event_match_no,stage,match_number,team_runs,team_balls,team_wicket,new_batter,power_surge_start,batter_runs,batter_balls,bowler_wicket,batting_partners,next_batter,striker_out
141607,335982,2008-04-18,T20,Indian Premier League,1,Kolkata Knight Riders,Royal Challengers Bangalore,0,1,0.1,SC Ganguly,1,0,1,P Kumar,1,1,1,0,False,legbyes,BB McCullum,2,,,,,,,,,False,BB McCullum,Kolkata Knight Riders,140 runs,Royal Challengers Bangalore,field,M Chinnaswamy Stadium,Bangalore,18,4,2008,2007/08,male,club,,,,6,20,1,Unknown,Unknown,1,1,0,,,0,1,0,"('BB McCullum', 'SC Ganguly')",,False
141608,335982,2008-04-18,T20,Indian Premier League,1,Kolkata Knight Riders,Royal Challengers Bangalore,0,2,0.2,BB McCullum,2,0,1,P Kumar,1,0,0,0,False,,SC Ganguly,1,,,,,,,,,False,BB McCullum,Kolkata Knight Riders,140 runs,Royal Challengers Bangalore,field,M Chinnaswamy Stadium,Bangalore,18,4,2008,2007/08,male,club,,,,6,20,1,Unknown,Unknown,1,2,0,,,0,1,0,"('BB McCullum', 'SC Ganguly')",,False
141609,335982,2008-04-18,T20,Indian Premier League,1,Kolkata Knight Riders,Royal Challengers Bangalore,0,3,0.3,BB McCullum,2,0,0,P Kumar,0,1,1,1,False,wides,SC Ganguly,1,,,,,,,,,False,BB McCullum,Kolkata Knight Riders,140 runs,Royal Challengers Bangalore,field,M Chinnaswamy Stadium,Bangalore,18,4,2008,2007/08,male,club,,,,6,20,1,Unknown,Unknown,2,2,0,,,0,1,0,"('BB McCullum', 'SC Ganguly')",,False
141610,335982,2008-04-18,T20,Indian Premier League,1,Kolkata Knight Riders,Royal Challengers Bangalore,0,3,0.3,BB McCullum,2,0,1,P Kumar,1,0,0,0,False,,SC Ganguly,1,,,,,,,,,False,BB McCullum,Kolkata Knight Riders,140 runs,Royal Challengers Bangalore,field,M Chinnaswamy Stadium,Bangalore,18,4,2008,2007/08,male,club,,,,6,20,1,Unknown,Unknown,2,3,0,,,0,2,0,"('BB McCullum', 'SC Ganguly')",,False
141611,335982,2008-04-18,T20,Indian Premier League,1,Kolkata Knight Riders,Royal Challengers Bangalore,0,4,0.4,BB McCullum,2,0,1,P Kumar,1,0,0,0,False,,SC Ganguly,1,,,,,,,,,False,BB McCullum,Kolkata Knight Riders,140 runs,Royal Challengers Bangalore,field,M Chinnaswamy Stadium,Bangalore,18,4,2008,2007/08,male,club,,,,6,20,1,Unknown,Unknown,2,4,0,,,0,3,0,"('BB McCullum', 'SC Ganguly')",,False
141612,335982,2008-04-18,T20,Indian Premier League,1,Kolkata Knight Riders,Royal Challengers Bangalore,0,5,0.5,BB McCullum,2,0,1,P Kumar,1,0,0,0,False,,SC Ganguly,1,,,,,,,,,False,BB McCullum,Kolkata Knight Riders,140 runs,Royal Challengers Bangalore,field,M Chinnaswamy Stadium,Bangalore,18,4,2008,2007/08,male,club,,,,6,20,1,Unknown,Unknown,2,5,0,,,0,4,0,"('BB McCullum', 'SC Ganguly')",,False
141613,335982,2008-04-18,T20,Indian Premier League,1,Kolkata Knight Riders,Royal Challengers Bangalore,0,6,0.6,BB McCullum,2,0,1,P Kumar,1,1,1,0,False,legbyes,SC Ganguly,1,,,,,,,,,False,BB McCullum,Kolkata Knight Riders,140 runs,Royal Challengers Bangalore,field,M Chinnaswamy Stadium,Bangalore,18,4,2008,2007/08,male,club,,,,6,20,1,Unknown,Unknown,3,6,0,,,0,5,0,"('BB McCullum', 'SC Ganguly')",,False
141614,335982,2008-04-18,T20,Indian Premier League,1,Kolkata Knight Riders,Royal Challengers Bangalore,1,1,1.1,BB McCullum,2,0,1,Z Khan,1,0,0,0,False,,SC Ganguly,1,,,,,,,,,False,BB McCullum,Kolkata Knight Riders,140 runs,Royal Challengers Bangalore,field,M Chinnaswamy Stadium,Bangalore,18,4,2008,2007/08,male,club,,,,6,20,1,Unknown,Unknown,3,7,0,,,0,6,0,"('BB McCullum', 'SC Ganguly')",,False
141615,335982,2008-04-18,T20,Indian Premier League,1,Kolkata Knight Riders,Royal Challengers Bangalore,1,2,1.2,BB McCullum,2,4,1,Z Khan,1,0,4,4,False,,SC Ganguly,1,,,,,,,,,False,BB McCullum,Kolkata Knight Riders,140 runs,Royal Challengers Bangalore,field,M Chinnaswamy Stadium,Bangalore,18,4,2008,2007/08,male,club,,,,6,20,1,Unknown,Unknown,7,8,0,,,4,7,0,"('BB McCullum', 'SC Ganguly')",,False
141616,335982,2008-04-18,T20,Indian Premier League,1,Kolkata Knight Riders,Royal Challengers Bangalore,1,3,1.3,BB McCullum,2,4,1,Z Khan,1,0,4,4,False,,SC Ganguly,1,,,,,,,,,False,BB McCullum,Kolkata Knight Riders,140 runs,Royal Challengers Bangalore,field,M Chinnaswamy Stadium,Bangalore,18,4,2008,2007/08,male,club,,,,6,20,1,Unknown,Unknown,11,9,0,,,8,8,0,"('BB McCullum', 'SC Ganguly')",,False
141617,335982,2008-04-18,T20,Indian Premier League,1,Kolkata Knight Riders,Royal Challengers Bangalore,1,4,1.4,BB McCullum,2,6,1,Z Khan,1,0,6,6,False,,SC Ganguly,1,,,,,,,,,False,BB McCullum,Kolkata Knight Riders,140 runs,Royal Challengers Bangalore,field,M Chinnaswamy Stadium,Bangalore,18,4,2008,2007/08,male,club,,,,6,20,1,Unknown,Unknown,17,10,0,,,14,9,0,"('BB McCullum', 'SC Ganguly')",,False
141618,335982,2008-04-18,T20,Indian Premier League,1,Kolkata Knight Riders,Royal Challengers Bangalore,1,5,1.5,BB McCullum,2,4,1,Z Khan,1,0,4,4,False,,SC Ganguly,1,,,,,,,,,False,BB McCullum,Kolkata Knight Riders,140 runs,Royal Challengers Bangalore,field,M Chinnaswamy Stadium,Bangalore,18,4,2008,2007/08,male,club,,,,6,20,1,Unknown,Unknown,21,11,0,,,18,10,0,"('BB McCullum', 'SC Ganguly')",,False
141619,335982,2008-04-18,T20,Indian Premier League,1,Kolkata Knight Riders,Royal Challengers Bangalore,1,6,1.6,BB McCullum,2,0,1,Z Khan,1,0,0,0,False,,SC Ganguly,1,,,,,,,,,False,BB McCullum,Kolkata Knight Riders,140 runs,Royal Challengers Bangalore,field,M Chinnaswamy Stadium,Bangalore,18,4,2008,2007/08,male,club,,,,6,20,1,Unknown,Unknown,21,12,0,,,18,11,0,"('BB McCullum', 'SC Ganguly')",,False
141620,335982,2008-04-18,T20,Indian Premier League,1,Kolkata Knight Riders,Royal Challengers Bangalore,2,1,2.1,SC Ganguly,1,0,1,P Kumar,1,0,0,0,False,,BB McCullum,2,,,,,,,,,False,BB McCullum,Kolkata Knight Riders,140 runs,Royal Challengers Bangalore,field,M Chinnaswamy Stadium,Bangalore,18,4,2008,2007/08,male,club,,,,6,20,1,Unknown,Unknown,21,13,0,,,0,2,0,"('BB McCullum', 'SC Ganguly')",,False
141621,335982,2008-04-18,T20,Indian Premier League,1,Kolkata Knight Riders,Royal Challengers Bangalore,2,2,2.2,SC Ganguly,1,0,1,P Kumar,1,0,0,0,False,,BB McCullum,2,,,,,,,,,False,BB McCullum,Kolkata Knight Riders,140 runs,Royal Challengers Bangalore,field,M Chinnaswamy Stadium,Bangalore,18,4,2008,2007/08,male,club,,,,6,20,1,Unknown,Unknown,21,14,0,,,0,3,0,"('BB McCullum', 'SC Ganguly')",,False
141622,335982,2008-04-18,T20,Indian Premier League,1,Kolkata Knight Riders,Royal Challengers Bangalore,2,3,2.3,SC Ganguly,1,0,1,P Kumar,1,1,1,0,False,legbyes,BB McCullum,2,,,,,,,,,False,BB McCullum,Kolkata Knight Riders,140 runs,Royal Challengers Bangalore,field,M Chinnaswamy Stadium,Bangalore,18,4,2008,2007/08,male,club,,,,6,20,1,Unknown,Unknown,22,15,0,,,0,4,0,"('BB McCullum', 'SC Ganguly')",,False
141623,335982,2008-04-18,T20,Indian Premier League,1,Kolkata Knight Riders,Royal Challengers Bangalore,2,4,2.4,BB McCullum,2,4,1,P Kumar,1,0,4,4,False,,SC Ganguly,1,,,,,,,,,False,BB McCullum,Kolkata Knight Riders,140 runs,Royal Challengers Bangalore,field,M Chinnaswamy Stadium,Bangalore,18,4,2008,2007/08,male,club,,,,6,20,1,Unknown,Unknown,26,16,0,,,22,12,0,"('BB McCullum', 'SC Ganguly')",,False
141624,335982,2008-04-18,T20,Indian Premier League,1,Kolkata Knight Riders,Royal Challengers Bangalore,2,5,2.5,BB McCullum,2,1,1,P Kumar,1,0,1,1,False,,SC Ganguly,1,,,,,,,,,False,BB McCullum,Kolkata Knight Riders,140 runs,Royal Challengers Bangalore,field,M Chinnaswamy Stadium,Bangalore,18,4,2008,2007/08,male,club,,,,6,20,1,Unknown,Unknown,27,17,0,,,23,13,0,"('BB McCullum', 'SC Ganguly')",,False
141625,335982,2008-04-18,T20,Indian Premier League,1,Kolkata Knight Riders,Royal Challengers Bangalore,2,6,2.6,SC Ganguly,1,0,1,P Kumar,1,0,0,0,False,,BB McCullum,2,,,,,,,,,False,BB McCullum,Kolkata Knight Riders,140 runs,Royal Challengers Bangalore,field,M Chinnaswamy Stadium,Bangalore,18,4,2008,2007/08,male,club,,,,6,20,1,Unknown,Unknown,27,18,0,,,0,5,0,"('BB McCullum', 'SC Ganguly')",,False
141626,335982,2008-04-18,T20,Indian Premier League,1,Kolkata Knight Riders,Royal Challengers Bangalore,3,1,3.1,BB McCullum,2,0,0,AA Noffke,0,5,5,5,False,wides,SC Ganguly,1,,,,,,,,,False,BB McCullum,Kolkata Knight Riders,140 runs,Royal Challengers Bangalore,field,M Chinnaswamy Stadium,Bangalore,18,4,2008,2007/08,male,club,,,,6,20,1,Unknown,Unknown,32,18,0,,,23,13,0,"('BB McCullum', 'SC Ganguly')",,False
141627,335982,2008-04-18,T20,Indian Premier League,1,Kolkata Knight Riders,Royal Challengers Bangalore,3,1,3.1,BB McCullum,2,6,1,AA Noffke,1,0,6,6,False,,SC Ganguly,1,,,,,,,,,False,BB McCullum,Kolkata Knight Riders,140 runs,Royal Challengers Bangalore,field,M Chinnaswamy Stadium,Bangalore,18,4,2008,2007/08,male,club,,,,6,20,1,Unknown,Unknown,38,19,0,,,29,14,0,"('BB McCullum', 'SC Ganguly')",,False
141628,335982,2008-04-18,T20,Indian Premier League,1,Kolkata Knight Riders,Royal Challengers Bangalore,3,2,3.2,BB McCullum,2,0,1,AA Noffke,1,1,1,0,False,legbyes,SC Ganguly,1,,,,,,,,,False,BB McCullum,Kolkata Knight Riders,140 runs,Royal Challengers Bangalore,field,M Chinnaswamy Stadium,Bangalore,18,4,2008,2007/08,male,club,,,,6,20,1,Unknown,Unknown,39,20,0,,,29,15,0,"('BB McCullum', 'SC Ganguly')",,False
141629,335982,2008-04-18,T20,Indian Premier League,1,Kolkata Knight Riders,Royal Challengers Bangalore,3,3,3.3,SC Ganguly,1,4,1,AA Noffke,1,0,4,4,False,,BB McCullum,2,,,,,,,,,False,BB McCullum,Kolkata Knight Riders,140 runs,Royal Challengers Bangalore,field,M Chinnaswamy Stadium,Bangalore,18,4,2008,2007/08,male,club,,,,6,20,1,Unknown,Unknown,43,21,0,,,4,6,0,"('BB McCullum', 'SC Ganguly')",,False
141630,335982,2008-04-18,T20,Indian Premier League,1,Kolkata Knight Riders,Royal Challengers Bangalore,3,4,3.4,SC Ganguly,1,0,1,AA Noffke,1,0,0,0,False,,BB McCullum,2,,,,,,,,,False,BB McCullum,Kolkata Knight Riders,140 runs,Royal Challengers Bangalore,field,M Chinnaswamy Stadium,Bangalore,18,4,2008,2007/08,male,club,,,,6,20,1,Unknown,Unknown,43,22,0,,,4,7,0,"('BB McCullum', 'SC Ganguly')",,False
141631,335982,2008-04-18,T20,Indian Premier League,1,Kolkata Knight Riders,Royal Challengers Bangalore,3,5,3.5,SC Ganguly,1,1,1,AA Noffke,1,0,1,1,False,,BB McCullum,2,,,,,,,,,False,BB McCullum,Kolkata Knight Riders,140 runs,Royal Challengers Bangalore,field,M Chinnaswamy Stadium,Bangalore,18,4,2008,2007/08,male,club,,,,6,20,1,Unknown,Unknown,44,23,0,,,5,8,0,"('BB McCullum', 'SC Ganguly')",,False
141632,335982,2008-04-18,T20,Indian Premier League,1,Kolkata Knight Riders,Royal Challengers Bangalore,3,6,3.6,BB McCullum,2,6,1,AA Noffke,1,0,6,6,False,,SC Ganguly,1,,,,,,,,,False,BB McCullum,Kolkata Knight Riders,140 runs,Royal Challengers Bangalore,field,M Chinnaswamy Stadium,Bangalore,18,4,2008,2007/08,male,club,,,,6,20,1,Unknown,Unknown,50,24,0,,,35,16,0,"('BB McCullum', 'SC Ganguly')",,False
141633,335982,2008-04-18,T20,Indian Premier League,1,Kolkata Knight Riders,Royal Challengers Bangalore,4,1,4.1,SC Ganguly,1,4,1,P Kumar,1,0,4,4,False,,BB McCullum,2,,,,,,,,,False,BB McCullum,Kolkata Knight Riders,140 runs,Royal Challengers Bangalore,field,M Chinnaswamy Stadium,Bangalore,18,4,2008,2007/08,male,club,,,,6,20,1,Unknown,Unknown,54,25,0,,,9,9,0,"('BB McCullum', 'SC Ganguly')",,False
141634,335982,2008-04-18,T20,Indian Premier League,1,Kolkata Knight Riders,Royal Challengers Bangalore,4,2,4.2,SC Ganguly,1,1,1,P Kumar,1,0,1,1,False,,BB McCullum,2,,,,,,,,,False,BB McCullum,Kolkata Knight Riders,140 runs,Royal Challengers Bangalore,field,M Chinnaswamy Stadium,Bangalore,18,4,2008,2007/08,male,club,,,,6,20,1,Unknown,Unknown,55,26,0,,,10,10,0,"('BB McCullum', 'SC Ganguly')",,False
141635,335982,2008-04-18,T20,Indian Premier League,1,Kolkata Knight Riders,Royal Challengers Bangalore,4,3,4.3,BB McCullum,2,4,1,P Kumar,1,0,4,4,False,,SC Ganguly,1,,,,,,,,,False,BB McCullum,Kolkata Knight Riders,140 runs,Royal Challengers Bangalore,field,M Chinnaswamy Stadium,Bangalore,18,4,2008,2007/08,male,club,,,,6,20,1,Unknown,Unknown,59,27,0,,,39,17,0,"('BB McCullum', 'SC Ganguly')",,False
141636,335982,2008-04-18,T20,Indian Premier League,1,Kolkata Knight Riders,Royal Challengers Bangalore,4,4,4.4,BB McCullum,2,0,1,P Kumar,1,0,0,0,False,,SC Ganguly,1,,,,,,,,,False,BB McCullum,Kolkata Knight Riders,140 runs,Royal Challengers Bangalore,field,M Chinnaswamy Stadium,Bangalore,18,4,2008,2007/08,male,club,,,,6,20,1,Unknown,Unknown,59,28,0,,,39,18,0,"('BB McCullum', 'SC Ganguly')",,False
141637,335982,2008-04-18,T20,Indian Premier League,1,Kolkata Knight Riders,Royal Challengers Bangalore,4,5,4.5,BB McCullum,2,1,1,P Kumar,1,0,1,1,False,,SC Ganguly,1,,,,,,,,,False,BB McCullum,Kolkata Knight Riders,140 runs,Royal Challengers Bangalore,field,M Chinnaswamy Stadium,Bangalore,18,4,2008,2007/08,male,club,,,,6,20,1,Unknown,Unknown,60,29,0,,,40,19,0,"('BB McCullum', 'SC Ganguly')",,False
141638,335982,2008-04-18,T20,Indian Premier League,1,Kolkata Knight Riders,Royal Challengers Bangalore,4,6,4.6,SC Ganguly,1,0,1,P Kumar,1,0,0,0,False,,BB McCullum,2,,,,,,,,,False,BB McCullum,Kolkata Knight Riders,140 runs,Royal Challengers Bangalore,field,M Chinnaswamy Stadium,Bangalore,18,4,2008,2007/08,male,club,,,,6,20,1,Unknown,Unknown,60,30,0,,,10,11,0,"('BB McCullum', 'SC Ganguly')",,False
141639,335982,2008-04-18,T20,Indian Premier League,1,Kolkata Knight Riders,Royal Challengers Bangalore,5,1,5.1,BB McCullum,2,1,1,Z Khan,1,0,1,1,False,,SC Ganguly,1,,,,,,,,,False,BB McCullum,Kolkata Knight Riders,140 runs,Royal Challengers Bangalore,field,M Chinnaswamy Stadium,Bangalore,18,4,2008,2007/08,male,club,,,,6,20,1,Unknown,Unknown,61,31,0,,,41,20,0,"('BB McCullum', 'SC Ganguly')",,False
141640,335982,2008-04-18,T20,Indian Premier League,1,Kolkata Knight Riders,Royal Challengers Bangalore,5,2,5.2,SC Ganguly,1,0,1,Z Khan,1,0,0,0,False,,BB McCullum,2,caught,SC Ganguly,JH Kallis,,,,,,False,BB McCullum,Kolkata Knight Riders,140 runs,Royal Challengers Bangalore,field,M Chinnaswamy Stadium,Bangalore,18,4,2008,2007/08,male,club,,,,6,20,1,Unknown,Unknown,61,32,1,,,10,12,1,"('BB McCullum', 'SC Ganguly')",RT Ponting,True
141641,335982,2008-04-18,T20,Indian Premier League,1,Kolkata Knight Riders,Royal Challengers Bangalore,5,3,5.3,RT Ponting,3,0,1,Z Khan,1,0,0,0,False,,BB McCullum,2,,,,,,,,,False,BB McCullum,Kolkata Knight Riders,140 runs,Royal Challengers Bangalore,field,M Chinnaswamy Stadium,Bangalore,18,4,2008,2007/08,male,club,,,,6,20,1,Unknown,Unknown,61,33,1,RT Ponting,,0,1,0,"('BB McCullum', 'RT Ponting')",,False
141642,335982,2008-04-18,T20,Indian Premier League,1,Kolkata Knight Riders,Royal Challengers Bangalore,5,4,5.4,RT Ponting,3,0,1,Z Khan,1,0,0,0,False,,BB McCullum,2,,,,,,,,,False,BB McCullum,Kolkata Knight Riders,140 runs,Royal Challengers Bangalore,field,M Chinnaswamy Stadium,Bangalore,18,4,2008,2007/08,male,club,,,,6,20,1,Unknown,Unknown,61,34,1,,,0,2,0,"('BB McCullum', 'RT Ponting')",,False
141643,335982,2008-04-18,T20,Indian Premier League,1,Kolkata Knight Riders,Royal Challengers Bangalore,5,5,5.5,RT Ponting,3,0,1,Z Khan,1,0,0,0,False,,BB McCullum,2,,,,,,,,,False,BB McCullum,Kolkata Knight Riders,140 runs,Royal Challengers Bangalore,field,M Chinnaswamy Stadium,Bangalore,18,4,2008,2007/08,male,club,,,,6,20,1,Unknown,Unknown,61,35,1,,,0,3,0,"('BB McCullum', 'RT Ponting')",,False
141644,335982,2008-04-18,T20,Indian Premier League,1,Kolkata Knight Riders,Royal Challengers Bangalore,5,6,5.6,RT Ponting,3,0,1,Z Khan,1,0,0,0,False,,BB McCullum,2,,,,,,,,,False,BB McCullum,Kolkata Knight Riders,140 runs,Royal Challengers Bangalore,field,M Chinnaswamy Stadium,Bangalore,18,4,2008,2007/08,male,club,,,,6,20,1,Unknown,Unknown,61,36,1,,,0,4,0,"('BB McCullum', 'RT Ponting')",,False
141645,335982,2008-04-18,T20,Indian Premier League,1,Kolkata Knight Riders,Royal Challengers Bangalore,6,1,6.1,BB McCullum,2,1,1,AA Noffke,1,0,1,1,False,,RT Ponting,3,,,,,,,,,False,BB McCullum,Kolkata Knight Riders,140 runs,Royal Challengers Bangalore,field,M Chinnaswamy Stadium,Bangalore,18,4,2008,2007/08,male,club,,,,6,20,1,Unknown,Unknown,62,37,1,,,42,21,0,"('BB McCullum', 'RT Ponting')",,False
141646,335982,2008-04-18,T20,Indian Premier League,1,Kolkata Knight Riders,Royal Challengers Bangalore,6,2,6.2,RT Ponting,3,1,1,AA Noffke,1,0,1,1,False,,BB McCullum,2,,,,,,,,,False,BB McCullum,Kolkata Knight Riders,140 runs,Royal Challengers Bangalore,field,M Chinnaswamy Stadium,Bangalore,18,4,2008,2007/08,male,club,,,,6,20,1,Unknown,Unknown,63,38,1,,,1,5,0,"('BB McCullum', 'RT Ponting')",,False
141647,335982,2008-04-18,T20,Indian Premier League,1,Kolkata Knight Riders,Royal Challengers Bangalore,6,3,6.3,BB McCullum,2,1,1,AA Noffke,1,0,1,1,False,,RT Ponting,3,,,,,,,,,False,BB McCullum,Kolkata Knight Riders,140 runs,Royal Challengers Bangalore,field,M Chinnaswamy Stadium,Bangalore,18,4,2008,2007/08,male,club,,,,6,20,1,Unknown,Unknown,64,39,1,,,43,22,0,"('BB McCullum', 'RT Ponting')",,False
141648,335982,2008-04-18,T20,Indian Premier League,1,Kolkata Knight Riders,Royal Challengers Bangalore,6,4,6.4,RT Ponting,3,2,1,AA Noffke,1,0,2,2,False,,BB McCullum,2,,,,,,,,,False,BB McCullum,Kolkata Knight Riders,140 runs,Royal Challengers Bangalore,field,M Chinnaswamy Stadium,Bangalore,18,4,2008,2007/08,male,club,,,,6,20,1,Unknown,Unknown,66,40,1,,,3,6,0,"('BB McCullum', 'RT Ponting')",,False
141649,335982,2008-04-18,T20,Indian Premier League,1,Kolkata Knight Riders,Royal Challengers Bangalore,6,5,6.5,RT Ponting,3,1,1,AA Noffke,1,0,1,1,False,,BB McCullum,2,,,,,,,,,False,BB McCullum,Kolkata Knight Riders,140 runs,Royal Challengers Bangalore,field,M Chinnaswamy Stadium,Bangalore,18,4,2008,2007/08,male,club,,,,6,20,1,Unknown,Unknown,67,41,1,,,4,7,0,"('BB McCullum', 'RT Ponting')",,False
141650,335982,2008-04-18,T20,Indian Premier League,1,Kolkata Knight Riders,Royal Challengers Bangalore,6,6,6.6,BB McCullum,2,1,1,AA Noffke,1,0,1,1,False,,RT Ponting,3,,,,,,,,,False,BB McCullum,Kolkata Knight Riders,140 runs,Royal Challengers Bangalore,field,M Chinnaswamy Stadium,Bangalore,18,4,2008,2007/08,male,club,,,,6,20,1,Unknown,Unknown,68,42,1,,,44,23,0,"('BB McCullum', 'RT Ponting')",,False
141651,335982,2008-04-18,T20,Indian Premier League,1,Kolkata Knight Riders,Royal Challengers Bangalore,7,1,7.1,BB McCullum,2,0,1,Z Khan,1,0,0,0,False,,RT Ponting,3,,,,,,,,,False,BB McCullum,Kolkata Knight Riders,140 runs,Royal Challengers Bangalore,field,M Chinnaswamy Stadium,Bangalore,18,4,2008,2007/08,male,club,,,,6,20,1,Unknown,Unknown,68,43,1,,,44,24,0,"('BB McCullum', 'RT Ponting')",,False
141652,335982,2008-04-18,T20,Indian Premier League,1,Kolkata Knight Riders,Royal Challengers Bangalore,7,2,7.2,BB McCullum,2,1,1,Z Khan,1,0,1,1,False,,RT Ponting,3,,,,,,,,,False,BB McCullum,Kolkata Knight Riders,140 runs,Royal Challengers Bangalore,field,M Chinnaswamy Stadium,Bangalore,18,4,2008,2007/08,male,club,,,,6,20,1,Unknown,Unknown,69,44,1,,,45,25,0,"('BB McCullum', 'RT Ponting')",,False
141653,335982,2008-04-18,T20,Indian Premier League,1,Kolkata Knight Riders,Royal Challengers Bangalore,7,3,7.3,RT Ponting,3,1,1,Z Khan,1,0,1,1,False,,BB McCullum,2,,,,,,,,,False,BB McCullum,Kolkata Knight Riders,140 runs,Royal Challengers Bangalore,field,M Chinnaswamy Stadium,Bangalore,18,4,2008,2007/08,male,club,,,,6,20,1,Unknown,Unknown,70,45,1,,,5,8,0,"('BB McCullum', 'RT Ponting')",,False
141654,335982,2008-04-18,T20,Indian Premier League,1,Kolkata Knight Riders,Royal Challengers Bangalore,7,4,7.4,BB McCullum,2,1,1,Z Khan,1,0,1,1,False,,RT Ponting,3,,,,,,,,,False,BB McCullum,Kolkata Knight Riders,140 runs,Royal Challengers Bangalore,field,M Chinnaswamy Stadium,Bangalore,18,4,2008,2007/08,male,club,,,,6,20,1,Unknown,Unknown,71,46,1,,,46,26,0,"('BB McCullum', 'RT Ponting')",,False
141655,335982,2008-04-18,T20,Indian Premier League,1,Kolkata Knight Riders,Royal Challengers Bangalore,7,5,7.5,RT Ponting,3,1,1,Z Khan,1,0,1,1,False,,BB McCullum,2,,,,,,,,,False,BB McCullum,Kolkata Knight Riders,140 runs,Royal Challengers Bangalore,field,M Chinnaswamy Stadium,Bangalore,18,4,2008,2007/08,male,club,,,,6,20,1,Unknown,Unknown,72,47,1,,,6,9,0,"('BB McCullum', 'RT Ponting')",,False
141656,335982,2008-04-18,T20,Indian Premier League,1,Kolkata Knight Riders,Royal Challengers Bangalore,7,6,7.6,BB McCullum,2,1,1,Z Khan,1,0,1,1,False,,RT Ponting,3,,,,,,,,,False,BB McCullum,Kolkata Knight Riders,140 runs,Royal Challengers Bangalore,field,M Chinnaswamy Stadium,Bangalore,18,4,2008,2007/08,male,club,,,,6,20,1,Unknown,Unknown,73,48,1,,,47,27,0,"('BB McCullum', 'RT Ponting')",,False
141657,335982,2008-04-18,T20,Indian Premier League,1,Kolkata Knight Riders,Royal Challengers Bangalore,8,1,8.1,BB McCullum,2,0,1,JH Kallis,1,0,0,0,False,,RT Ponting,3,,,,,,,,,False,BB McCullum,Kolkata Knight Riders,140 runs,Royal Challengers Bangalore,field,M Chinnaswamy Stadium,Bangalore,18,4,2008,2007/08,male,club,,,,6,20,1,Unknown,Unknown,73,49,1,,,47,28,0,"('BB McCullum', 'RT Ponting')",,False
141658,335982,2008-04-18,T20,Indian Premier League,1,Kolkata Knight Riders,Royal Challengers Bangalore,8,2,8.2,BB McCullum,2,0,1,JH Kallis,1,0,0,0,False,,RT Ponting,3,,,,,,,,,False,BB McCullum,Kolkata Knight Riders,140 runs,Royal Challengers Bangalore,field,M Chinnaswamy Stadium,Bangalore,18,4,2008,2007/08,male,club,,,,6,20,1,Unknown,Unknown,73,50,1,,,47,29,0,"('BB McCullum', 'RT Ponting')",,False
141659,335982,2008-04-18,T20,Indian Premier League,1,Kolkata Knight Riders,Royal Challengers Bangalore,8,3,8.3,BB McCullum,2,0,1,JH Kallis,1,0,0,0,False,,RT Ponting,3,,,,,,,,,False,BB McCullum,Kolkata Knight Riders,140 runs,Royal Challengers Bangalore,field,M Chinnaswamy Stadium,Bangalore,18,4,2008,2007/08,male,club,,,,6,20,1,Unknown,Unknown,73,51,1,,,47,30,0,"('BB McCullum', 'RT Ponting')",,False
141660,335982,2008-04-18,T20,Indian Premier League,1,Kolkata Knight Riders,Royal Challengers Bangalore,8,4,8.4,BB McCullum,2,1,1,JH Kallis,1,0,1,1,False,,RT Ponting,3,,,,,,,,,False,BB McCullum,Kolkata Knight Riders,140 runs,Royal Challengers Bangalore,field,M Chinnaswamy Stadium,Bangalore,18,4,2008,2007/08,male,club,,,,6,20,1,Unknown,Unknown,74,52,1,,,48,31,0,"('BB McCullum', 'RT Ponting')",,False
141661,335982,2008-04-18,T20,Indian Premier League,1,Kolkata Knight Riders,Royal Challengers Bangalore,8,5,8.5,RT Ponting,3,1,1,JH Kallis,1,0,1,1,False,,BB McCullum,2,,,,,,,,,False,BB McCullum,Kolkata Knight Riders,140 runs,Royal Challengers Bangalore,field,M Chinnaswamy Stadium,Bangalore,18,4,2008,2007/08,male,club,,,,6,20,1,Unknown,Unknown,75,53,1,,,7,10,0,"('BB McCullum', 'RT Ponting')",,False
141662,335982,2008-04-18,T20,Indian Premier League,1,Kolkata Knight Riders,Royal Challengers Bangalore,8,6,8.6,BB McCullum,2,2,1,JH Kallis,1,0,2,2,False,,RT Ponting,3,,,,,,,,,False,BB McCullum,Kolkata Knight Riders,140 runs,Royal Challengers Bangalore,field,M Chinnaswamy Stadium,Bangalore,18,4,2008,2007/08,male,club,,,,6,20,1,Unknown,Unknown,77,54,1,,,50,32,0,"('BB McCullum', 'RT Ponting')",,False
141663,335982,2008-04-18,T20,Indian Premier League,1,Kolkata Knight Riders,Royal Challengers Bangalore,9,1,9.1,RT Ponting,3,1,1,SB Joshi,1,0,1,1,False,,BB McCullum,2,,,,,,,,,False,BB McCullum,Kolkata Knight Riders,140 runs,Royal Challengers Bangalore,field,M Chinnaswamy Stadium,Bangalore,18,4,2008,2007/08,male,club,,,,6,20,1,Unknown,Unknown,78,55,1,,,8,11,0,"('BB McCullum', 'RT Ponting')",,False
141664,335982,2008-04-18,T20,Indian Premier League,1,Kolkata Knight Riders,Royal Challengers Bangalore,9,2,9.2,BB McCullum,2,1,1,SB Joshi,1,0,1,1,False,,RT Ponting,3,,,,,,,,,False,BB McCullum,Kolkata Knight Riders,140 runs,Royal Challengers Bangalore,field,M Chinnaswamy Stadium,Bangalore,18,4,2008,2007/08,male,club,,,,6,20,1,Unknown,Unknown,79,56,1,,,51,33,0,"('BB McCullum', 'RT Ponting')",,False
141665,335982,2008-04-18,T20,Indian Premier League,1,Kolkata Knight Riders,Royal Challengers Bangalore,9,3,9.3,RT Ponting,3,1,1,SB Joshi,1,0,1,1,False,,BB McCullum,2,,,,,,,,,False,BB McCullum,Kolkata Knight Riders,140 runs,Royal Challengers Bangalore,field,M Chinnaswamy Stadium,Bangalore,18,4,2008,2007/08,male,club,,,,6,20,1,Unknown,Unknown,80,57,1,,,9,12,0,"('BB McCullum', 'RT Ponting')",,False
141666,335982,2008-04-18,T20,Indian Premier League,1,Kolkata Knight Riders,Royal Challengers Bangalore,9,4,9.4,BB McCullum,2,0,1,SB Joshi,1,0,0,0,False,,RT Ponting,3,,,,,,,,,False,BB McCullum,Kolkata Knight Riders,140 runs,Royal Challengers Bangalore,field,M Chinnaswamy Stadium,Bangalore,18,4,2008,2007/08,male,club,,,,6,20,1,Unknown,Unknown,80,58,1,,,51,34,0,"('BB McCullum', 'RT Ponting')",,False
141667,335982,2008-04-18,T20,Indian Premier League,1,Kolkata Knight Riders,Royal Challengers Bangalore,9,5,9.5,BB McCullum,2,6,1,SB Joshi,1,0,6,6,False,,RT Ponting,3,,,,,,,,,False,BB McCullum,Kolkata Knight Riders,140 runs,Royal Challengers Bangalore,field,M Chinnaswamy Stadium,Bangalore,18,4,2008,2007/08,male,club,,,,6,20,1,Unknown,Unknown,86,59,1,,,57,35,0,"('BB McCullum', 'RT Ponting')",,False
141668,335982,2008-04-18,T20,Indian Premier League,1,Kolkata Knight Riders,Royal Challengers Bangalore,9,6,9.6,BB McCullum,2,1,1,SB Joshi,1,0,1,1,False,,RT Ponting,3,,,,,,,,,False,BB McCullum,Kolkata Knight Riders,140 runs,Royal Challengers Bangalore,field,M Chinnaswamy Stadium,Bangalore,18,4,2008,2007/08,male,club,,,,6,20,1,Unknown,Unknown,87,60,1,,,58,36,0,"('BB McCullum', 'RT Ponting')",,False
141669,335982,2008-04-18,T20,Indian Premier League,1,Kolkata Knight Riders,Royal Challengers Bangalore,10,1,10.1,BB McCullum,2,1,1,JH Kallis,1,0,1,1,False,,RT Ponting,3,,,,,,,,,False,BB McCullum,Kolkata Knight Riders,140 runs,Royal Challengers Bangalore,field,M Chinnaswamy Stadium,Bangalore,18,4,2008,2007/08,male,club,,,,6,20,1,Unknown,Unknown,88,61,1,,,59,37,0,"('BB McCullum', 'RT Ponting')",,False
141670,335982,2008-04-18,T20,Indian Premier League,1,Kolkata Knight Riders,Royal Challengers Bangalore,10,2,10.2,RT Ponting,3,4,1,JH Kallis,1,0,4,4,False,,BB McCullum,2,,,,,,,,,False,BB McCullum,Kolkata Knight Riders,140 runs,Royal Challengers Bangalore,field,M Chinnaswamy Stadium,Bangalore,18,4,2008,2007/08,male,club,,,,6,20,1,Unknown,Unknown,92,62,1,,,13,13,0,"('BB McCullum', 'RT Ponting')",,False
141671,335982,2008-04-18,T20,Indian Premier League,1,Kolkata Knight Riders,Royal Challengers Bangalore,10,3,10.3,RT Ponting,3,0,1,JH Kallis,1,0,0,0,False,,BB McCullum,2,,,,,,,,,False,BB McCullum,Kolkata Knight Riders,140 runs,Royal Challengers Bangalore,field,M Chinnaswamy Stadium,Bangalore,18,4,2008,2007/08,male,club,,,,6,20,1,Unknown,Unknown,92,63,1,,,13,14,0,"('BB McCullum', 'RT Ponting')",,False
141672,335982,2008-04-18,T20,Indian Premier League,1,Kolkata Knight Riders,Royal Challengers Bangalore,10,4,10.4,RT Ponting,3,6,1,JH Kallis,1,0,6,6,False,,BB McCullum,2,,,,,,,,,False,BB McCullum,Kolkata Knight Riders,140 runs,Royal Challengers Bangalore,field,M Chinnaswamy Stadium,Bangalore,18,4,2008,2007/08,male,club,,,,6,20,1,Unknown,Unknown,98,64,1,,,19,15,0,"('BB McCullum', 'RT Ponting')",,False
141673,335982,2008-04-18,T20,Indian Premier League,1,Kolkata Knight Riders,Royal Challengers Bangalore,10,5,10.5,RT Ponting,3,0,1,JH Kallis,1,0,0,0,False,,BB McCullum,2,,,,,,,,,False,BB McCullum,Kolkata Knight Riders,140 runs,Royal Challengers Bangalore,field,M Chinnaswamy Stadium,Bangalore,18,4,2008,2007/08,male,club,,,,6,20,1,Unknown,Unknown,98,65,1,,,19,16,0,"('BB McCullum', 'RT Ponting')",,False
141674,335982,2008-04-18,T20,Indian Premier League,1,Kolkata Knight Riders,Royal Challengers Bangalore,10,6,10.6,RT Ponting,3,0,1,JH Kallis,1,4,4,0,False,byes,BB McCullum,2,,,,,,,,,False,BB McCullum,Kolkata Knight Riders,140 runs,Royal Challengers Bangalore,field,M Chinnaswamy Stadium,Bangalore,18,4,2008,2007/08,male,club,,,,6,20,1,Unknown,Unknown,102,66,1,,,19,17,0,"('BB McCullum', 'RT Ponting')",,False
141675,335982,2008-04-18,T20,Indian Premier League,1,Kolkata Knight Riders,Royal Challengers Bangalore,11,1,11.1,BB McCullum,2,0,1,SB Joshi,1,0,0,0,False,,RT Ponting,3,,,,,,,,,False,BB McCullum,Kolkata Knight Riders,140 runs,Royal Challengers Bangalore,field,M Chinnaswamy Stadium,Bangalore,18,4,2008,2007/08,male,club,,,,6,20,1,Unknown,Unknown,102,67,1,,,59,38,0,"('BB McCullum', 'RT Ponting')",,False
141676,335982,2008-04-18,T20,Indian Premier League,1,Kolkata Knight Riders,Royal Challengers Bangalore,11,2,11.2,BB McCullum,2,6,1,SB Joshi,1,0,6,6,False,,RT Ponting,3,,,,,,,,,False,BB McCullum,Kolkata Knight Riders,140 runs,Royal Challengers Bangalore,field,M Chinnaswamy Stadium,Bangalore,18,4,2008,2007/08,male,club,,,,6,20,1,Unknown,Unknown,108,68,1,,,65,39,0,"('BB McCullum', 'RT Ponting')",,False
141677,335982,2008-04-18,T20,Indian Premier League,1,Kolkata Knight Riders,Royal Challengers Bangalore,11,3,11.3,BB McCullum,2,2,1,SB Joshi,1,0,2,2,False,,RT Ponting,3,,,,,,,,,False,BB McCullum,Kolkata Knight Riders,140 runs,Royal Challengers Bangalore,field,M Chinnaswamy Stadium,Bangalore,18,4,2008,2007/08,male,club,,,,6,20,1,Unknown,Unknown,110,69,1,,,67,40,0,"('BB McCullum', 'RT Ponting')",,False
141678,335982,2008-04-18,T20,Indian Premier League,1,Kolkata Knight Riders,Royal Challengers Bangalore,11,4,11.4,BB McCullum,2,1,1,SB Joshi,1,0,1,1,False,,RT Ponting,3,,,,,,,,,False,BB McCullum,Kolkata Knight Riders,140 runs,Royal Challengers Bangalore,field,M Chinnaswamy Stadium,Bangalore,18,4,2008,2007/08,male,club,,,,6,20,1,Unknown,Unknown,111,70,1,,,68,41,0,"('BB McCullum', 'RT Ponting')",,False
141679,335982,2008-04-18,T20,Indian Premier League,1,Kolkata Knight Riders,Royal Challengers Bangalore,11,5,11.5,RT Ponting,3,0,1,SB Joshi,1,0,0,0,False,,BB McCullum,2,,,,,,,,,False,BB McCullum,Kolkata Knight Riders,140 runs,Royal Challengers Bangalore,field,M Chinnaswamy Stadium,Bangalore,18,4,2008,2007/08,male,club,,,,6,20,1,Unknown,Unknown,111,71,1,,,19,18,0,"('BB McCullum', 'RT Ponting')",,False
141680,335982,2008-04-18,T20,Indian Premier League,1,Kolkata Knight Riders,Royal Challengers Bangalore,11,6,11.6,RT Ponting,3,1,1,SB Joshi,1,0,1,1,False,,BB McCullum,2,,,,,,,,,False,BB McCullum,Kolkata Knight Riders,140 runs,Royal Challengers Bangalore,field,M Chinnaswamy Stadium,Bangalore,18,4,2008,2007/08,male,club,,,,6,20,1,Unknown,Unknown,112,72,1,,,20,19,0,"('BB McCullum', 'RT Ponting')",,False
141681,335982,2008-04-18,T20,Indian Premier League,1,Kolkata Knight Riders,Royal Challengers Bangalore,12,1,12.1,RT Ponting,3,0,1,JH Kallis,1,0,0,0,False,,BB McCullum,2,caught,RT Ponting,P Kumar,,,,,,False,BB McCullum,Kolkata Knight Riders,140 runs,Royal Challengers Bangalore,field,M Chinnaswamy Stadium,Bangalore,18,4,2008,2007/08,male,club,,,,6,20,1,Unknown,Unknown,112,73,2,,,20,20,1,"('BB McCullum', 'RT Ponting')",DJ Hussey,True
141682,335982,2008-04-18,T20,Indian Premier League,1,Kolkata Knight Riders,Royal Challengers Bangalore,12,2,12.2,BB McCullum,2,4,1,JH Kallis,1,0,4,4,False,,DJ Hussey,4,,,,,,,,,False,BB McCullum,Kolkata Knight Riders,140 runs,Royal Challengers Bangalore,field,M Chinnaswamy Stadium,Bangalore,18,4,2008,2007/08,male,club,,,,6,20,1,Unknown,Unknown,116,74,2,DJ Hussey,,72,42,0,"('BB McCullum', 'DJ Hussey')",,False
141683,335982,2008-04-18,T20,Indian Premier League,1,Kolkata Knight Riders,Royal Challengers Bangalore,12,3,12.3,BB McCullum,2,0,1,JH Kallis,1,0,0,0,False,,DJ Hussey,4,,,,,,,,,False,BB McCullum,Kolkata Knight Riders,140 runs,Royal Challengers Bangalore,field,M Chinnaswamy Stadium,Bangalore,18,4,2008,2007/08,male,club,,,,6,20,1,Unknown,Unknown,116,75,2,,,72,43,0,"('BB McCullum', 'DJ Hussey')",,False
141684,335982,2008-04-18,T20,Indian Premier League,1,Kolkata Knight Riders,Royal Challengers Bangalore,12,4,12.4,BB McCullum,2,2,1,JH Kallis,1,0,2,2,False,,DJ Hussey,4,,,,,,,,,False,BB McCullum,Kolkata Knight Riders,140 runs,Royal Challengers Bangalore,field,M Chinnaswamy Stadium,Bangalore,18,4,2008,2007/08,male,club,,,,6,20,1,Unknown,Unknown,118,76,2,,,74,44,0,"('BB McCullum', 'DJ Hussey')",,False
141685,335982,2008-04-18,T20,Indian Premier League,1,Kolkata Knight Riders,Royal Challengers Bangalore,12,5,12.5,BB McCullum,2,0,0,JH Kallis,0,1,1,1,False,wides,DJ Hussey,4,,,,,,,,,False,BB McCullum,Kolkata Knight Riders,140 runs,Royal Challengers Bangalore,field,M Chinnaswamy Stadium,Bangalore,18,4,2008,2007/08,male,club,,,,6,20,1,Unknown,Unknown,119,76,2,,,74,44,0,"('BB McCullum', 'DJ Hussey')",,False
141686,335982,2008-04-18,T20,Indian Premier League,1,Kolkata Knight Riders,Royal Challengers Bangalore,12,5,12.5,BB McCullum,2,4,1,JH Kallis,1,0,4,4,False,,DJ Hussey,4,,,,,,,,,False,BB McCullum,Kolkata Knight Riders,140 runs,Royal Challengers Bangalore,field,M Chinnaswamy Stadium,Bangalore,18,4,2008,2007/08,male,club,,,,6,20,1,Unknown,Unknown,123,77,2,,,78,45,0,"('BB McCullum', 'DJ Hussey')",,False
141687,335982,2008-04-18,T20,Indian Premier League,1,Kolkata Knight Riders,Royal Challengers Bangalore,12,6,12.6,BB McCullum,2,1,1,JH Kallis,1,0,1,1,False,,DJ Hussey,4,,,,,,,,,False,BB McCullum,Kolkata Knight Riders,140 runs,Royal Challengers Bangalore,field,M Chinnaswamy Stadium,Bangalore,18,4,2008,2007/08,male,club,,,,6,20,1,Unknown,Unknown,124,78,2,,,79,46,0,"('BB McCullum', 'DJ Hussey')",,False
141688,335982,2008-04-18,T20,Indian Premier League,1,Kolkata Knight Riders,Royal Challengers Bangalore,13,1,13.1,BB McCullum,2,1,1,SB Joshi,1,0,1,1,False,,DJ Hussey,4,,,,,,,,,False,BB McCullum,Kolkata Knight Riders,140 runs,Royal Challengers Bangalore,field,M Chinnaswamy Stadium,Bangalore,18,4,2008,2007/08,male,club,,,,6,20,1,Unknown,Unknown,125,79,2,,,80,47,0,"('BB McCullum', 'DJ Hussey')",,False
141689,335982,2008-04-18,T20,Indian Premier League,1,Kolkata Knight Riders,Royal Challengers Bangalore,13,2,13.2,DJ Hussey,4,0,1,SB Joshi,1,0,0,0,False,,BB McCullum,2,,,,,,,,,False,BB McCullum,Kolkata Knight Riders,140 runs,Royal Challengers Bangalore,field,M Chinnaswamy Stadium,Bangalore,18,4,2008,2007/08,male,club,,,,6,20,1,Unknown,Unknown,125,80,2,,,0,1,0,"('BB McCullum', 'DJ Hussey')",,False
141690,335982,2008-04-18,T20,Indian Premier League,1,Kolkata Knight Riders,Royal Challengers Bangalore,13,3,13.3,DJ Hussey,4,1,1,SB Joshi,1,0,1,1,False,,BB McCullum,2,,,,,,,,,False,BB McCullum,Kolkata Knight Riders,140 runs,Royal Challengers Bangalore,field,M Chinnaswamy Stadium,Bangalore,18,4,2008,2007/08,male,club,,,,6,20,1,Unknown,Unknown,126,81,2,,,1,2,0,"('BB McCullum', 'DJ Hussey')",,False
141691,335982,2008-04-18,T20,Indian Premier League,1,Kolkata Knight Riders,Royal Challengers Bangalore,13,4,13.4,BB McCullum,2,1,1,SB Joshi,1,0,1,1,False,,DJ Hussey,4,,,,,,,,,False,BB McCullum,Kolkata Knight Riders,140 runs,Royal Challengers Bangalore,field,M Chinnaswamy Stadium,Bangalore,18,4,2008,2007/08,male,club,,,,6,20,1,Unknown,Unknown,127,82,2,,,81,48,0,"('BB McCullum', 'DJ Hussey')",,False
141692,335982,2008-04-18,T20,Indian Premier League,1,Kolkata Knight Riders,Royal Challengers Bangalore,13,5,13.5,DJ Hussey,4,1,1,SB Joshi,1,0,1,1,False,,BB McCullum,2,,,,,,,,,False,BB McCullum,Kolkata Knight Riders,140 runs,Royal Challengers Bangalore,field,M Chinnaswamy Stadium,Bangalore,18,4,2008,2007/08,male,club,,,,6,20,1,Unknown,Unknown,128,83,2,,,2,3,0,"('BB McCullum', 'DJ Hussey')",,False
141693,335982,2008-04-18,T20,Indian Premier League,1,Kolkata Knight Riders,Royal Challengers Bangalore,13,6,13.6,BB McCullum,2,2,1,SB Joshi,1,0,2,2,False,,DJ Hussey,4,,,,,,,,,False,BB McCullum,Kolkata Knight Riders,140 runs,Royal Challengers Bangalore,field,M Chinnaswamy Stadium,Bangalore,18,4,2008,2007/08,male,club,,,,6,20,1,Unknown,Unknown,130,84,2,,,83,49,0,"('BB McCullum', 'DJ Hussey')",,False
141694,335982,2008-04-18,T20,Indian Premier League,1,Kolkata Knight Riders,Royal Challengers Bangalore,14,1,14.1,DJ Hussey,4,4,1,CL White,1,0,4,4,False,,BB McCullum,2,,,,,,,,,False,BB McCullum,Kolkata Knight Riders,140 runs,Royal Challengers Bangalore,field,M Chinnaswamy Stadium,Bangalore,18,4,2008,2007/08,male,club,,,,6,20,1,Unknown,Unknown,134,85,2,,,6,4,0,"('BB McCullum', 'DJ Hussey')",,False
141695,335982,2008-04-18,T20,Indian Premier League,1,Kolkata Knight Riders,Royal Challengers Bangalore,14,2,14.2,DJ Hussey,4,1,1,CL White,1,0,1,1,False,,BB McCullum,2,,,,,,,,,False,BB McCullum,Kolkata Knight Riders,140 runs,Royal Challengers Bangalore,field,M Chinnaswamy Stadium,Bangalore,18,4,2008,2007/08,male,club,,,,6,20,1,Unknown,Unknown,135,86,2,,,7,5,0,"('BB McCullum', 'DJ Hussey')",,False
141696,335982,2008-04-18,T20,Indian Premier League,1,Kolkata Knight Riders,Royal Challengers Bangalore,14,3,14.3,BB McCullum,2,6,1,CL White,1,0,6,6,False,,DJ Hussey,4,,,,,,,,,False,BB McCullum,Kolkata Knight Riders,140 runs,Royal Challengers Bangalore,field,M Chinnaswamy Stadium,Bangalore,18,4,2008,2007/08,male,club,,,,6,20,1,Unknown,Unknown,141,87,2,,,89,50,0,"('BB McCullum', 'DJ Hussey')",,False
141697,335982,2008-04-18,T20,Indian Premier League,1,Kolkata Knight Riders,Royal Challengers Bangalore,14,4,14.4,BB McCullum,2,4,1,CL White,1,0,4,4,False,,DJ Hussey,4,,,,,,,,,False,BB McCullum,Kolkata Knight Riders,140 runs,Royal Challengers Bangalore,field,M Chinnaswamy Stadium,Bangalore,18,4,2008,2007/08,male,club,,,,6,20,1,Unknown,Unknown,145,88,2,,,93,51,0,"('BB McCullum', 'DJ Hussey')",,False
141698,335982,2008-04-18,T20,Indian Premier League,1,Kolkata Knight Riders,Royal Challengers Bangalore,14,5,14.5,BB McCullum,2,0,0,CL White,0,2,2,2,False,wides,DJ Hussey,4,,,,,,,,,False,BB McCullum,Kolkata Knight Riders,140 runs,Royal Challengers Bangalore,field,M Chinnaswamy Stadium,Bangalore,18,4,2008,2007/08,male,club,,,,6,20,1,Unknown,Unknown,147,88,2,,,93,51,0,"('BB McCullum', 'DJ Hussey')",,False
141699,335982,2008-04-18,T20,Indian Premier League,1,Kolkata Knight Riders,Royal Challengers Bangalore,14,5,14.5,DJ Hussey,4,1,1,CL White,1,0,1,1,False,,BB McCullum,2,,,,,,,,,False,BB McCullum,Kolkata Knight Riders,140 runs,Royal Challengers Bangalore,field,M Chinnaswamy Stadium,Bangalore,18,4,2008,2007/08,male,club,,,,6,20,1,Unknown,Unknown,148,89,2,,,8,6,0,"('BB McCullum', 'DJ Hussey')",,False
141700,335982,2008-04-18,T20,Indian Premier League,1,Kolkata Knight Riders,Royal Challengers Bangalore,14,6,14.6,BB McCullum,2,6,1,CL White,1,0,6,6,False,,DJ Hussey,4,,,,,,,,,False,BB McCullum,Kolkata Knight Riders,140 runs,Royal Challengers Bangalore,field,M Chinnaswamy Stadium,Bangalore,18,4,2008,2007/08,male,club,,,,6,20,1,Unknown,Unknown,154,90,2,,,99,52,0,"('BB McCullum', 'DJ Hussey')",,False
141701,335982,2008-04-18,T20,Indian Premier League,1,Kolkata Knight Riders,Royal Challengers Bangalore,15,1,15.1,DJ Hussey,4,0,1,AA Noffke,1,0,0,0,False,,BB McCullum,2,,,,,,,,,False,BB McCullum,Kolkata Knight Riders,140 runs,Royal Challengers Bangalore,field,M Chinnaswamy Stadium,Bangalore,18,4,2008,2007/08,male,club,,,,6,20,1,Unknown,Unknown,154,91,2,,,8,7,0,"('BB McCullum', 'DJ Hussey')",,False
141702,335982,2008-04-18,T20,Indian Premier League,1,Kolkata Knight Riders,Royal Challengers Bangalore,15,2,15.2,DJ Hussey,4,1,1,AA Noffke,1,0,1,1,False,,BB McCullum,2,,,,,,,,,False,BB McCullum,Kolkata Knight Riders,140 runs,Royal Challengers Bangalore,field,M Chinnaswamy Stadium,Bangalore,18,4,2008,2007/08,male,club,,,,6,20,1,Unknown,Unknown,155,92,2,,,9,8,0,"('BB McCullum', 'DJ Hussey')",,False
141703,335982,2008-04-18,T20,Indian Premier League,1,Kolkata Knight Riders,Royal Challengers Bangalore,15,3,15.3,BB McCullum,2,2,1,AA Noffke,1,0,2,2,False,,DJ Hussey,4,,,,,,,,,False,BB McCullum,Kolkata Knight Riders,140 runs,Royal Challengers Bangalore,field,M Chinnaswamy Stadium,Bangalore,18,4,2008,2007/08,male,club,,,,6,20,1,Unknown,Unknown,157,93,2,,,101,53,0,"('BB McCullum', 'DJ Hussey')",,False
141704,335982,2008-04-18,T20,Indian Premier League,1,Kolkata Knight Riders,Royal Challengers Bangalore,15,4,15.4,BB McCullum,2,0,1,AA Noffke,1,0,0,0,False,,DJ Hussey,4,,,,,,,,,False,BB McCullum,Kolkata Knight Riders,140 runs,Royal Challengers Bangalore,field,M Chinnaswamy Stadium,Bangalore,18,4,2008,2007/08,male,club,,,,6,20,1,Unknown,Unknown,157,94,2,,,101,54,0,"('BB McCullum', 'DJ Hussey')",,False
141705,335982,2008-04-18,T20,Indian Premier League,1,Kolkata Knight Riders,Royal Challengers Bangalore,15,5,15.5,BB McCullum,2,1,1,AA Noffke,1,0,1,1,False,,DJ Hussey,4,,,,,,,,,False,BB McCullum,Kolkata Knight Riders,140 runs,Royal Challengers Bangalore,field,M Chinnaswamy Stadium,Bangalore,18,4,2008,2007/08,male,club,,,,6,20,1,Unknown,Unknown,158,95,2,,,102,55,0,"('BB McCullum', 'DJ Hussey')",,False
141706,335982,2008-04-18,T20,Indian Premier League,1,Kolkata Knight Riders,Royal Challengers Bangalore,15,6,15.6,DJ Hussey,4,0,1,AA Noffke,1,0,0,0,False,,BB McCullum,2,,,,,,,,,False,BB McCullum,Kolkata Knight Riders,140 runs,Royal Challengers Bangalore,field,M Chinnaswamy Stadium,Bangalore,18,4,2008,2007/08,male,club,,,,6,20,1,Unknown,Unknown,158,96,2,,,9,9,0,"('BB McCullum', 'DJ Hussey')",,False
