match_id,umpire_id
1136561,1
1136562,2
1136563,3
1136563,4
1136564,5
1136565,1
1136565,6
1136567,7
1136567,8
1136568,4
1136568,9
1136569,10
1136569,11
1136570,6
1136570,12
1136572,7
1136573,6
1136573,12
1136574,10
1136576,6
1136576,8
1136577,11
1136579,7
1136580,6
1136581,11
1136582,12
1136583,9
1136584,13
1136585,14
1136588,12
1136590,3
1136591,10
1136591,15
1136592,7
1136592,13
1136593,16
1136594,9
1136596,7
1136597,16
1136598,3
1136599,13
1136599,17
1136600,15
1136601,6
1136604,7
1136605,11
1136605,16
1136606,15
1136607,10
1136608,17
1136609,6
1136609,16
1136613,13
1136614,6
1136615,7
1136616,14
1136617,3
1136618,6
1136619,10
1136620,9
1136620,15
1175356,17
1175356,18
1175357,1
1175357,6
1175358,14
1175359,11
1175361,5
1175362,9
1175364,1
1175365,10
1175366,9
1175367,7
1175368,1
1175368,6
1175369,15
1175370,2
1175371,3
1175371,11
1175372,6
1178393,11
1178394,18
1178395,14
1178396,1
1178398,3
1178400,17
1178401,14
1178402,10
1178402,12
1178404,2
1178405,6
1178408,19
1178408,20
1178410,20
1178411,14
1178414,2
1178414,5
1178418,18
1178420,12
1178421,17
1178422,10
1178423,9
1178425,10
1178426,7
1178429,8
1178430,11
1181764,10
1181766,9
1181766,17
1181767,9
1181767,17
1181768,10
1181768,20
1216492,1
1216492,13
1216494,9
1216494,13
1216495,3
1216496,5
1216498,21
1216501,22
1216502,11
1216503,9
1216503,13
1216504,3
1216506,24
1216507,14
1216507,21
1216508,9
1216509,11
1216509,22
1216510,6
1216514,1
1216515,5
1216515,22
1216516,21
1216517,10
1216517,21
1216518,10
1216520,11
1216521,3
1216522,6
1216523,1
1216524,6
1216525,21
1216529,1
1216530,21
1216531,11
1216532,9
1216532,13
1216533,1
1216533,13
1216534,18
1216535,14
1216535,21
1216537,1
1216538,11
1216538,22
1216540,23
1216542,6
1216542,10
1216545,1
1237177,1
1237178,9
1237181,10
1254058,10
1254060,10
1254060,11
1254061,6
1254063,19
1254065,6
1254066,1
1254068,21
1254069,21
1254070,3
1254071,23
1254072,21
1254073,25
1254074,3
1254075,26
1254076,6
1254076,13
1254077,1
1254077,11
1254078,14
1254079,13
1254080,3
1254081,1
1254082,14
1254083,9
1254084,7
1254084,11
1254085,1
1254086,18
1254087,1
1254088,27
1254090,11
1254090,22
1254091,10
1254092,10
1254092,28
1254093,29
1254094,23
1254095,9
1254095,19
1254097,1
1254097,19
1254098,1
1254098,27
1254099,13
1254101,11
1254104,10
1254104,22
1254105,11
1254106,28
1254106,29
1254107,14
1254108,6
1254109,25
1254110,6
1254110,10
1254111,6
1254112,6
1254112,29
1254115,13
1254117,10
1304047,6
1304050,13
1304050,24
1304051,17
1304052,25
1304053,13
1304054,6
1304054,28
1304055,10
1304056,11
1304056,19
1304057,14
1304058,25
1304058,26
1304059,6
1304059,28
1304060,17
1304061,2
1304061,27
1304062,13
1304064,11
1304064,17
1304065,1
1304065,25
1304066,6
1304066,27
1304068,10
1304068,30
1304069,19
1304070,1
1304070,31
1304071,13
1304073,32
1304074,24
1304074,31
1304075,11
1304075,19
1304076,13
1304077,30
1304078,27
1304079,17
1304080,33
1304081,11
1304081,19
1304082,25
1304082,32
1304084,27
1304085,11
1304085,17
1304086,26
1304087,24
1304088,19
1304088,29
1304089,13
1304089,28
1304090,14
1304090,17
1304091,32
1304092,6
1304092,11
1304093,25
1304093,30
1304094,31
1304095,11
1304096,26
1304096,33
1304097,25
1304097,34
1304098,14
1304098,32
1304099,6
1304099,29
1304100,17
1304100,30
1304101,10
1304102,1
1304102,34
1304103,11
1304104,33
1304105,1
1304105,32
1304106,25
1304106,30
1304107,6
1304107,11
1304108,31
1304109,24
1304110,34
1304112,31
1304113,34
1304114,1
1304115,10
1312198,25
1312198,29
1312199,1
1359475,28
1359477,6
1359478,11
1359479,10
1359481,12
1359481,34
1359483,13
1359483,35
1359484,14
1359484,25
1359485,26
1359486,1
1359486,33
1359487,10
1359487,27
1359488,17
1359488,19
1359489,12
1359490,29
1359492,25
1359492,36
1359493,1
1359493,34
1359494,11
1359494,37
1359495,13
1359495,28
1359496,19
1359497,6
1359498,26
1359499,10
1359500,14
1359500,25
1359501,6
1359501,34
1359502,29
1359503,28
1359504,2
1359505,1
1359506,37
1359507,10
1359507,27
1359508,2
1359508,25
1359509,12
1359510,31
1359511,14
1359512,10
1359512,35
1359513,34
1359514,26
1359516,13
1359516,35
1359517,6
1359517,34
1359518,29
1359521,29
1359522,28
1359523,26
1359524,2
1359524,14
1359525,6
1359525,12
1359526,35
1359527,25
1359528,13
1359528,28
1359529,1
1359529,33
1359530,2
1359530,37
1359531,10
1359531,27
1359532,36
1359533,1
1359533,33
1359534,11
1359534,26
1359535,27
1359535,35
1359537,12
1359538,11
1359539,17
1359540,12
1359541,33
1359542,19
1359544,10
1370350,6
1370351,13
1370352,10
1370353,2
1422119,13
1422119,28
1422120,25
1422120,33
1422121,14
1422121,31
1422122,36
1422123,5
1422124,37
1422125,27
1422125,38
1422127,10
1422127,12
1422130,13
1422132,14
1422133,25
1422134,19
1422134,36
1422135,5
1422135,10
1422136,31
1422138,19
1422139,12
1422139,13
1426260,6
1426260,37
1426261,33
1426262,16
1426262,35
1426263,10
1426264,14
1426264,31
1426265,6
1426265,27
1426266,36
1426267,28
1426268,6
1426268,31
1426269,19
1426269,29
1426270,13
1426270,33
1426271,5
1426271,12
1426272,31
1426273,26
1426274,35
1426274,36
1426275,5
1426275,12
1426276,6
1426276,37
1426277,33
1426278,11
1426278,19
1426279,10
1426280,14
1426281,26
1426281,33
1426283,10
1426283,13
1426285,26
1426285,27
1426286,19
1426287,13
1426287,28
1426288,6
1426289,25
1426290,35
1426291,12
1426292,37
1426293,27
1426294,11
1426294,19
1426295,14
1426296,10
1426296,28
1426297,33
1426298,19
1426299,31
1426300,5
1426302,35
1426302,36
1426303,31
1426303,37
1426305,26
1426305,31
1426306,11
1426307,13
1426309,6
1426309,31
1426310,11
1426312,10
1426312,25
1473440,11
1473440,28
1473441,19
1473441,39
1473442,40
1473443,31
1473443,36
1473444,19
1473444,39
1473445,28
1473446,40
1473447,39
1473448,41
1473449,28
1473449,37
1473451,19
1473451,39
1473452,36
1473453,37
1473455,19
1473455,42
1473456,41
1473457,37
1473458,35
1473458,43
1473459,39
1473460,31
1473460,36
1473461,11
1473461,37
1473462,1
1473463,42
1473464,36
1473465,37
1473466,35
1473467,13
1473467,19
1473468,37
1473468,44
1473469,36
1473469,45
1473470,25
1473471,13
1473472,36
1473473,25
1473473,35
1473474,37
1473474,46
1473475,39
1473476,31
1473476,47
1473477,37
1473479,19
1473479,29
1473481,41
1473482,1
1473483,10
1473484,13
1473485,37
1473485,44
1473486,36
1473486,47
1473487,35
1473487,43
1473488,42
1473489,44
1473490,31
1473490,47
1473491,43
1473493,37
1473497,1
1473498,41
1473498,45
1473499,29
1473499,42
1473501,40
1473505,45
1473506,1
1473507,29
1473508,13
1473508,29
1473509,19
1473509,31
1473510,1
1473510,10
1473511,10
1473511,25
1485779,25
1527674,25
1527675,47
1527676,16
1527676,44
1527677,39
1527678,19
1527679,35
1527679,37
1527680,39
1527681,16
1527681,44
1527682,31
1527683,37
1527684,11
1527686,44
1527687,47
1527689,16
1527690,31
1527690,40
1527691,35
1527692,11
1527693,42
1529264,25
1529265,37
1529266,41
