match_id,season,date,venue_id,match_type
335982,2007/08,2008-04-18,1,League
335983,2007/08,2008-04-19,2,League
335984,2007/08,2008-04-19,3,League
335985,2007/08,2008-04-20,4,League
335986,2007/08,2008-04-20,5,League
335987,2007/08,2008-04-21,6,League
335988,2007/08,2008-04-22,7,League
335989,2007/08,2008-04-23,8,League
335990,2007/08,2008-04-24,7,League
335991,2007/08,2008-04-25,2,League
335992,2007/08,2008-04-26,1,League
335993,2007/08,2008-04-26,8,League
335994,2007/08,2008-04-27,9,League
335995,2007/08,2008-04-27,2,League
335996,2007/08,2008-04-28,1,League
335997,2007/08,2008-04-29,5,League
335998,2007/08,2008-04-30,3,League
335999,2007/08,2008-05-01,7,League
336000,2007/08,2008-05-01,6,League
336001,2007/08,2008-05-02,8,League
336002,2007/08,2008-05-25,7,League
336003,2007/08,2008-05-03,2,League
336004,2007/08,2008-05-04,9,League
336005,2007/08,2008-05-04,6,League
336006,2007/08,2008-05-05,1,League
336007,2007/08,2008-05-06,8,League
336008,2007/08,2008-05-07,9,League
336009,2007/08,2008-05-08,3,League
336010,2007/08,2008-05-08,5,League
336011,2007/08,2008-05-09,6,League
336012,2007/08,2008-05-28,1,League
336013,2007/08,2008-05-10,8,League
336014,2007/08,2008-05-11,7,League
336015,2007/08,2008-05-11,6,League
336016,2007/08,2008-05-12,2,League
336017,2007/08,2008-05-13,5,League
336018,2007/08,2008-05-14,4,League
336019,2007/08,2008-05-28,2,League
336020,2007/08,2008-05-15,3,League
336021,2007/08,2008-05-16,4,League
336022,2007/08,2008-05-17,3,League
336023,2007/08,2008-05-17,6,League
336024,2007/08,2008-05-18,7,League
336025,2007/08,2008-05-18,5,League
336026,2007/08,2008-05-19,1,League
336027,2007/08,2008-05-20,5,League
336028,2007/08,2008-05-21,4,League
336029,2007/08,2008-05-21,8,League
336031,2007/08,2008-05-23,2,League
336032,2007/08,2008-05-24,3,League
336033,2007/08,2008-05-24,8,League
336034,2007/08,2008-05-03,1,League
336035,2007/08,2008-05-25,5,League
336036,2007/08,2008-05-26,6,League
336037,2007/08,2008-05-27,7,League
336038,2007/08,2008-05-30,4,Semi Final
336039,2007/08,2008-05-31,4,Semi Final
336040,2007/08,2008-06-01,9,Final
392181,2009,2009-04-18,10,League
392182,2009,2009-04-18,10,League
392183,2009,2009-04-19,10,League
392184,2009,2009-04-19,10,League
392185,2009,2009-04-20,11,League
392186,2009,2009-04-21,12,League
392188,2009,2009-04-22,10,League
392189,2009,2009-04-23,12,League
392190,2009,2009-04-23,10,League
392191,2009,2009-04-24,12,League
392192,2009,2009-04-25,12,League
392194,2009,2009-04-26,11,League
392195,2009,2009-04-26,10,League
392196,2009,2009-04-27,12,League
392197,2009,2009-04-27,11,League
392198,2009,2009-04-28,13,League
392199,2009,2009-04-29,12,League
392200,2009,2009-04-29,12,League
392201,2009,2009-04-30,13,League
392202,2009,2009-04-30,13,League
392203,2009,2009-05-01,14,League
392204,2009,2009-05-01,12,League
392205,2009,2009-05-02,11,League
392206,2009,2009-05-02,15,League
392207,2009,2009-05-03,11,League
392208,2009,2009-05-03,15,League
392209,2009,2009-05-04,14,League
392210,2009,2009-05-05,12,League
392211,2009,2009-05-05,12,League
392212,2009,2009-05-06,13,League
392213,2009,2009-05-07,13,League
392214,2009,2009-05-07,13,League
392215,2009,2009-05-08,14,League
392216,2009,2009-05-09,16,League
392217,2009,2009-05-09,16,League
392218,2009,2009-05-10,11,League
392219,2009,2009-05-10,15,League
392220,2009,2009-05-11,16,League
392221,2009,2009-05-12,13,League
392222,2009,2009-05-12,13,League
392223,2009,2009-05-13,12,League
392224,2009,2009-05-14,12,League
392225,2009,2009-05-14,12,League
392226,2009,2009-05-15,17,League
392227,2009,2009-05-16,11,League
392228,2009,2009-05-16,15,League
392229,2009,2009-05-17,15,League
392230,2009,2009-05-17,17,League
392231,2009,2009-05-18,13,League
392232,2009,2009-05-19,15,League
392233,2009,2009-05-20,12,League
392234,2009,2009-05-20,12,League
392235,2009,2009-05-21,13,League
392236,2009,2009-05-21,13,League
392237,2009,2009-05-22,13,Semi Final
392238,2009,2009-05-23,15,Semi Final
392239,2009,2009-05-24,15,Final
419106,2009/10,2010-03-12,9,League
419107,2009/10,2010-03-13,18,League
419108,2009/10,2010-03-13,2,League
419109,2009/10,2010-03-14,5,League
419110,2009/10,2010-03-14,8,League
419111,2009/10,2010-03-15,19,League
419112,2009/10,2010-03-16,1,League
419113,2009/10,2010-03-16,5,League
419114,2009/10,2010-03-17,3,League
419115,2009/10,2010-03-18,1,League
419116,2009/10,2010-03-19,3,League
419117,2009/10,2010-03-19,20,League
419118,2009/10,2010-03-20,19,League
419119,2009/10,2010-03-20,18,League
419120,2009/10,2010-03-21,20,League
419121,2009/10,2010-03-21,8,League
419122,2009/10,2010-03-22,18,League
419123,2009/10,2010-03-23,1,League
419124,2009/10,2010-03-24,2,League
419125,2009/10,2010-03-25,21,League
419126,2009/10,2010-03-26,19,League
419127,2009/10,2010-03-27,2,League
419128,2009/10,2010-03-25,1,League
419129,2009/10,2010-03-28,19,League
419130,2009/10,2010-03-28,9,League
419131,2009/10,2010-03-29,3,League
419132,2009/10,2010-03-30,18,League
419133,2009/10,2010-03-31,8,League
419134,2009/10,2010-03-31,3,League
419135,2009/10,2010-04-01,5,League
419136,2009/10,2010-04-02,2,League
419137,2009/10,2010-04-03,8,League
419138,2009/10,2010-04-03,18,League
419139,2009/10,2010-04-04,5,League
419140,2009/10,2010-04-04,3,League
419141,2009/10,2010-04-05,22,League
419142,2009/10,2010-04-06,8,League
419143,2009/10,2010-04-07,6,League
419144,2009/10,2010-04-07,5,League
419145,2009/10,2010-04-08,1,League
419146,2009/10,2010-04-09,2,League
419147,2009/10,2010-04-10,22,League
419148,2009/10,2010-04-10,1,League
419149,2009/10,2010-04-11,3,League
419150,2009/10,2010-04-11,6,League
419151,2009/10,2010-04-12,22,League
419152,2009/10,2010-04-13,18,League
419153,2009/10,2010-04-13,8,League
419154,2009/10,2010-04-14,6,League
419155,2009/10,2010-04-15,8,League
419156,2009/10,2010-04-16,23,League
419157,2009/10,2010-04-17,1,League
419158,2009/10,2010-04-17,5,League
419159,2009/10,2010-04-18,23,League
419160,2009/10,2010-04-18,3,League
419161,2009/10,2010-04-19,5,League
419162,2009/10,2010-04-21,9,Semi Final
419163,2009/10,2010-04-22,9,Semi Final
419164,2009/10,2010-04-24,9,3rd Place Play-Off
419165,2009/10,2010-04-25,9,Final
501198,2011,2011-04-08,8,League
501199,2011,2011-04-09,7,League
501200,2011,2011-04-09,24,League
501201,2011,2011-04-10,3,League
501202,2011,2011-04-10,9,League
501203,2011,2011-04-11,5,League
501204,2011,2011-04-12,6,League
501205,2011,2011-04-12,1,League
501206,2011,2011-04-13,2,League
501207,2011,2011-04-13,9,League
501208,2011,2011-04-14,7,League
501209,2011,2011-04-15,6,League
501210,2011,2011-04-15,4,League
501211,2011,2011-04-16,8,League
501212,2011,2011-04-16,7,League
501213,2011,2011-04-17,9,League
501214,2011,2011-04-17,5,League
501215,2011,2011-04-18,24,League
501216,2011,2011-04-19,3,League
501218,2011,2011-04-20,4,League
501219,2011,2011-04-20,5,League
501220,2011,2011-04-21,2,League
501221,2011,2011-04-22,4,League
501222,2011,2011-04-22,5,League
501223,2011,2011-04-23,3,League
501224,2011,2011-04-24,7,League
501225,2011,2011-04-24,6,League
501226,2011,2011-04-25,8,League
501227,2011,2011-04-26,3,League
501228,2011,2011-04-27,9,League
501229,2011,2011-04-27,24,League
501230,2011,2011-04-28,3,League
501231,2011,2011-04-29,6,League
501232,2011,2011-04-29,1,League
501233,2011,2011-04-30,24,League
501234,2011,2011-04-30,5,League
501235,2011,2011-05-01,6,League
501236,2011,2011-05-01,8,League
501237,2011,2011-05-02,4,League
501238,2011,2011-05-02,3,League
501239,2011,2011-05-03,7,League
501240,2011,2011-05-04,8,League
501241,2011,2011-05-04,9,League
501242,2011,2011-05-05,24,League
501243,2011,2011-05-05,7,League
501244,2011,2011-05-06,1,League
501245,2011,2011-05-07,5,League
501246,2011,2011-05-07,4,League
501247,2011,2011-05-08,1,League
501248,2011,2011-05-08,2,League
501249,2011,2011-05-09,6,League
501250,2011,2011-05-10,7,League
501251,2011,2011-05-10,2,League
501252,2011,2011-05-11,6,League
501253,2011,2011-05-12,8,League
501254,2011,2011-05-13,25,League
501255,2011,2011-05-14,1,League
501256,2011,2011-05-14,4,League
501257,2011,2011-05-15,23,League
501258,2011,2011-05-15,25,League
501259,2011,2011-05-16,9,League
501260,2011,2011-05-17,23,League
501261,2011,2011-05-18,8,League
501262,2011,2011-05-19,9,League
501263,2011,2011-05-20,4,League
501264,2011,2011-05-21,23,League
501265,2011,2011-05-21,3,League
501266,2011,2011-05-22,1,League
501267,2011,2011-05-22,5,League
501268,2011,2011-05-24,4,Qualifier 1
501269,2011,2011-05-25,4,Elimination Final
501270,2011,2011-05-27,8,Qualifier 2
501271,2011,2011-05-28,8,Final
548306,2012,2012-04-04,8,League
548307,2012,2012-04-05,5,League
548308,2012,2012-04-06,4,League
548309,2012,2012-04-06,6,League
548310,2012,2012-04-07,1,League
548311,2012,2012-04-07,26,League
548312,2012,2012-04-08,6,League
548313,2012,2012-04-08,27,League
548314,2012,2012-04-09,26,League
548315,2012,2012-04-10,1,League
548316,2012,2012-04-10,3,League
548317,2012,2012-04-11,4,League
548318,2012,2012-04-12,8,League
548319,2012,2012-04-12,2,League
548320,2012,2012-04-13,5,League
548321,2012,2012-04-19,3,League
548322,2012,2012-04-14,27,League
548323,2012,2012-04-15,5,League
548324,2012,2012-04-15,1,League
548325,2012,2012-04-16,4,League
548326,2012,2012-04-17,6,League
548327,2012,2012-04-17,1,League
548328,2012,2012-04-18,2,League
548329,2012,2012-05-10,7,League
548330,2012,2012-04-19,8,League
548331,2012,2012-04-20,2,League
548332,2012,2012-04-21,8,League
548333,2012,2012-04-21,3,League
548334,2012,2012-04-22,4,League
548335,2012,2012-04-22,20,League
548336,2012,2012-04-23,6,League
548337,2012,2012-04-24,27,League
548339,2012,2012-04-25,2,League
548341,2012,2012-04-26,27,League
548342,2012,2012-04-27,3,League
548343,2012,2012-04-28,8,League
548344,2012,2012-04-28,5,League
548345,2012,2012-04-29,3,League
548346,2012,2012-04-29,4,League
548347,2012,2012-04-30,8,League
548348,2012,2012-05-01,20,League
548349,2012,2012-05-01,6,League
548350,2012,2012-05-02,1,League
548351,2012,2012-05-03,27,League
548352,2012,2012-05-04,8,League
548353,2012,2012-05-05,5,League
548354,2012,2012-05-05,2,League
548355,2012,2012-05-06,4,League
548356,2012,2012-05-06,1,League
548357,2012,2012-05-07,3,League
548358,2012,2012-05-08,27,League
548359,2012,2012-05-08,7,League
548360,2012,2012-05-09,4,League
548361,2012,2012-05-10,6,League
548362,2012,2012-05-11,27,League
548363,2012,2012-05-12,5,League
548364,2012,2012-05-12,8,League
548365,2012,2012-05-13,6,League
548366,2012,2012-05-13,2,League
548367,2012,2012-05-14,1,League
548368,2012,2012-05-14,5,League
548369,2012,2012-05-15,3,League
548370,2012,2012-05-16,4,League
548371,2012,2012-05-17,23,League
548372,2012,2012-05-17,3,League
548373,2012,2012-05-18,7,League
548374,2012,2012-05-19,23,League
548375,2012,2012-05-19,27,League
548376,2012,2012-05-20,7,League
548377,2012,2012-05-20,6,League
548378,2012,2012-05-22,27,Qualifier 1
548379,2012,2012-05-23,1,Elimination Final
548380,2012,2012-05-25,8,Qualifier 2
548381,2012,2012-05-27,8,Final
597998,2013,2013-04-03,5,League
597999,2013,2013-04-04,1,League
598000,2013,2013-04-05,7,League
598001,2013,2013-04-06,3,League
598002,2013,2013-04-06,8,League
598003,2013,2013-04-07,27,League
598004,2013,2013-04-07,7,League
598005,2013,2013-04-08,6,League
598006,2013,2013-04-09,4,League
598007,2013,2013-04-10,2,League
598008,2013,2013-04-11,1,League
598009,2013,2013-04-11,27,League
598010,2013,2013-04-12,3,League
598011,2013,2013-04-13,4,League
598012,2013,2013-04-13,8,League
598013,2013,2013-04-14,5,League
598014,2013,2013-04-14,6,League
598015,2013,2013-04-15,8,League
598016,2013,2013-04-16,2,League
598017,2013,2013-04-16,1,League
598018,2013,2013-04-17,28,League
598019,2013,2013-04-17,6,League
598020,2013,2013-04-18,3,League
598021,2013,2013-04-19,7,League
598022,2013,2013-04-20,5,League
598023,2013,2013-04-20,1,League
598024,2013,2013-04-21,3,League
598025,2013,2013-04-21,2,League
598026,2013,2013-04-22,8,League
598027,2013,2013-04-23,1,League
598028,2013,2013-05-16,23,League
598029,2013,2013-04-24,5,League
598030,2013,2013-04-25,8,League
598031,2013,2013-04-26,5,League
598032,2013,2013-04-27,6,League
598033,2013,2013-04-27,4,League
598034,2013,2013-04-28,8,League
598035,2013,2013-04-28,29,League
598036,2013,2013-04-29,6,League
598037,2013,2013-04-29,4,League
598038,2013,2013-04-30,27,League
598039,2013,2013-05-01,7,League
598040,2013,2013-05-01,29,League
598041,2013,2013-05-02,8,League
598042,2013,2013-05-02,27,League
598043,2013,2013-05-03,5,League
598044,2013,2013-05-04,7,League
598045,2013,2013-05-14,1,League
598046,2013,2013-05-05,4,League
598047,2013,2013-05-05,6,League
598048,2013,2013-04-09,1,League
598049,2013,2013-05-07,6,League
598050,2013,2013-05-07,4,League
598051,2013,2013-05-08,7,League
598052,2013,2013-05-09,2,League
598053,2013,2013-05-09,27,League
598054,2013,2013-05-10,3,League
598055,2013,2013-05-11,27,League
598056,2013,2013-05-11,2,League
598057,2013,2013-05-12,30,League
598058,2013,2013-05-12,6,League
598059,2013,2013-04-23,3,League
598060,2013,2013-05-13,4,League
598061,2013,2013-05-15,30,League
598062,2013,2013-05-14,8,League
598063,2013,2013-05-15,4,League
598064,2013,2013-05-06,2,League
598065,2013,2013-05-17,7,League
598066,2013,2013-05-18,23,League
598067,2013,2013-05-19,27,League
598068,2013,2013-05-18,1,League
598069,2013,2013-05-19,7,League
598070,2013,2013-05-21,3,Qualifier 1
598071,2013,2013-05-22,3,Eliminator
598072,2013,2013-05-24,5,Qualifier 2
598073,2013,2013-05-26,5,Final
729279,2014,2014-04-16,31,League
729281,2014,2014-04-17,48,League
729283,2014,2014-04-18,31,League
729285,2014,2014-04-18,31,League
729287,2014,2014-04-19,46,League
729289,2014,2014-04-19,46,League
729291,2014,2014-04-20,48,League
729293,2014,2014-04-21,31,League
729295,2014,2014-04-22,48,League
729297,2014,2014-04-23,46,League
729299,2014,2014-04-24,48,League
729301,2014,2014-04-25,46,League
729303,2014,2014-04-25,46,League
729305,2014,2014-04-26,31,League
729307,2014,2014-04-26,31,League
729309,2014,2014-04-27,48,League
729311,2014,2014-04-27,48,League
729313,2014,2014-04-28,46,League
729315,2014,2014-04-29,31,League
729317,2014,2014-04-30,46,League
733971,2014,2014-05-02,30,League
733973,2014,2014-05-03,4,League
733975,2014,2014-05-03,3,League
733977,2014,2014-05-04,1,League
733979,2014,2014-05-05,19,League
733981,2014,2014-05-05,3,League
733983,2014,2014-05-06,4,League
733985,2014,2014-05-07,3,League
733987,2014,2014-05-07,20,League
733989,2014,2014-05-08,19,League
733991,2014,2014-05-09,1,League
733993,2014,2014-05-10,3,League
733995,2014,2014-05-10,4,League
733997,2014,2014-05-11,20,League
733999,2014,2014-05-11,1,League
734001,2014,2014-05-12,7,League
734003,2014,2014-05-13,30,League
734005,2014,2014-05-13,1,League
734007,2014,2014-05-14,7,League
734009,2014,2014-05-14,20,League
734011,2014,2014-05-15,19,League
734013,2014,2014-05-18,30,League
734015,2014,2014-05-18,7,League
734017,2014,2014-05-19,19,League
734019,2014,2014-05-19,3,League
734021,2014,2014-05-20,7,League
734023,2014,2014-05-20,5,League
734025,2014,2014-05-21,2,League
734027,2014,2014-05-22,5,League
734029,2014,2014-05-22,30,League
734031,2014,2014-05-23,4,League
734033,2014,2014-05-23,2,League
734035,2014,2014-05-24,1,League
734037,2014,2014-05-24,5,League
734039,2014,2014-05-25,2,League
734041,2014,2014-05-25,4,League
734043,2014,2014-05-27,5,Qualifier 1
734045,2014,2014-05-28,18,Eliminator
734047,2014,2014-05-30,4,Qualifier 2
734049,2014,2014-06-01,1,Final
829705,2015,2015-04-08,5,League
829707,2015,2015-04-09,8,League
829709,2015,2015-04-10,28,League
829711,2015,2015-04-11,8,League
829713,2015,2015-04-11,5,League
829715,2015,2015-04-12,3,League
829717,2015,2015-04-12,4,League
829719,2015,2015-04-13,1,League
829721,2015,2015-04-14,19,League
829723,2015,2015-04-30,5,League
829725,2015,2015-04-15,28,League
829727,2015,2015-04-16,26,League
829729,2015,2015-04-17,4,League
829731,2015,2015-04-18,26,League
829733,2015,2015-04-18,28,League
829735,2015,2015-04-19,19,League
829737,2015,2015-04-19,1,League
829739,2015,2015-04-20,3,League
829741,2015,2015-04-21,19,League
829743,2015,2015-04-22,26,League
829745,2015,2015-04-22,1,League
829747,2015,2015-04-23,3,League
829749,2015,2015-04-24,19,League
829751,2015,2015-04-25,4,League
829753,2015,2015-04-25,8,League
829757,2015,2015-04-26,3,League
829759,2015,2015-04-27,2,League
829761,2015,2015-05-07,5,League
829763,2015,2015-04-29,1,League
829765,2015,2015-04-28,8,League
829767,2015,2015-05-01,3,League
829769,2015,2015-05-01,4,League
829771,2015,2015-05-02,1,League
829773,2015,2015-05-02,7,League
829775,2015,2015-05-03,2,League
829777,2015,2015-05-03,18,League
829779,2015,2015-05-04,8,League
829781,2015,2015-05-04,5,League
829783,2015,2015-05-05,4,League
829785,2015,2015-05-06,1,League
829787,2015,2015-05-07,18,League
829789,2015,2015-05-08,8,League
829791,2015,2015-05-09,5,League
829793,2015,2015-05-09,29,League
829795,2015,2015-05-10,4,League
829797,2015,2015-05-10,8,League
829799,2015,2015-05-11,7,League
829801,2015,2015-05-12,29,League
829803,2015,2015-05-13,2,League
829805,2015,2015-05-14,4,League
829807,2015,2015-05-15,7,League
829809,2015,2015-05-16,2,League
829811,2015,2015-05-16,18,League
829813,2015,2015-05-17,1,League
829815,2015,2015-05-17,7,League
829817,2015,2015-05-19,4,Qualifier 1
829819,2015,2015-05-20,28,Eliminator
829821,2015,2015-05-22,30,Qualifier 2
829823,2015,2015-05-24,5,Final
980901,2016,2016-04-09,4,League
980903,2016,2016-04-10,5,League
980905,2016,2016-04-11,34,League
980907,2016,2016-04-12,1,League
980909,2016,2016-04-13,5,League
980911,2016,2016-04-14,35,League
980913,2016,2016-04-15,3,League
980915,2016,2016-04-16,7,League
980917,2016,2016-04-16,4,League
980919,2016,2016-04-17,34,League
980921,2016,2016-04-17,1,League
980923,2016,2016-04-18,7,League
980925,2016,2016-04-19,34,League
980927,2016,2016-04-20,4,League
980929,2016,2016-04-21,35,League
980931,2016,2016-04-22,28,League
980933,2016,2016-04-23,3,League
980935,2016,2016-04-23,7,League
980937,2016,2016-04-24,35,League
980939,2016,2016-04-24,28,League
980941,2016,2016-04-25,34,League
980943,2016,2016-04-26,7,League
980945,2016,2016-04-27,3,League
980947,2016,2016-04-28,4,League
980949,2016,2016-04-29,28,League
980951,2016,2016-04-30,3,League
980953,2016,2016-04-30,7,League
980955,2016,2016-05-01,35,League
980957,2016,2016-05-01,28,League
980959,2016,2016-05-02,1,League
980961,2016,2016-05-03,35,League
980963,2016,2016-05-04,5,League
980965,2016,2016-05-05,3,League
980967,2016,2016-05-06,7,League
980969,2016,2016-05-07,1,League
980971,2016,2016-05-07,34,League
980973,2016,2016-05-08,26,League
980975,2016,2016-05-08,5,League
980977,2016,2016-05-09,34,League
980979,2016,2016-05-10,26,League
980981,2016,2016-05-11,1,League
980983,2016,2016-05-12,7,League
980985,2016,2016-05-13,26,League
980987,2016,2016-05-14,1,League
980989,2016,2016-05-14,5,League
980991,2016,2016-05-15,34,League
980993,2016,2016-05-15,26,League
980995,2016,2016-05-16,5,League
980997,2016,2016-05-17,26,League
980999,2016,2016-05-18,1,League
981001,2016,2016-05-19,36,League
981003,2016,2016-05-20,29,League
981005,2016,2016-05-21,26,League
981007,2016,2016-05-21,36,League
981009,2016,2016-05-22,5,League
981011,2016,2016-05-22,29,League
981013,2016,2016-05-24,1,Qualifier 1
981015,2016,2016-05-25,3,Elimination Final
981017,2016,2016-05-27,3,Qualifier 2
981019,2016,2016-05-29,1,Final
1082591,2017,2017-04-05,7,League
1082592,2017,2017-04-06,28,League
1082593,2017,2017-04-07,35,League
1082594,2017,2017-04-08,25,League
1082595,2017,2017-04-08,37,League
1082596,2017,2017-04-09,7,League
1082597,2017,2017-04-09,4,League
1082598,2017,2017-04-10,25,League
1082599,2017,2017-04-11,28,League
1082600,2017,2017-04-12,4,League
1082601,2017,2017-04-13,5,League
1082602,2017,2017-04-14,1,League
1082603,2017,2017-04-14,35,League
1082604,2017,2017-04-15,5,League
1082605,2017,2017-04-15,3,League
1082606,2017,2017-04-16,4,League
1082607,2017,2017-04-16,1,League
1082608,2017,2017-04-17,3,League
1082609,2017,2017-04-17,7,League
1082610,2017,2017-04-18,35,League
1082611,2017,2017-04-19,7,League
1082612,2017,2017-04-20,25,League
1082613,2017,2017-04-21,5,League
1082614,2017,2017-04-22,4,League
1082615,2017,2017-04-22,28,League
1082616,2017,2017-04-23,35,League
1082617,2017,2017-04-23,5,League
1082618,2017,2017-04-24,4,League
1082620,2017,2017-04-26,28,League
1082621,2017,2017-04-27,1,League
1082622,2017,2017-04-28,5,League
1082623,2017,2017-04-28,34,League
1082624,2017,2017-04-29,28,League
1082625,2017,2017-04-29,35,League
1082626,2017,2017-04-30,34,League
1082627,2017,2017-04-30,7,League
1082628,2017,2017-05-01,4,League
1082629,2017,2017-05-01,28,League
1082630,2017,2017-05-02,3,League
1082631,2017,2017-05-03,5,League
1082632,2017,2017-05-04,3,League
1082633,2017,2017-05-05,1,League
1082634,2017,2017-05-06,7,League
1082635,2017,2017-05-06,3,League
1082636,2017,2017-05-07,1,League
1082637,2017,2017-05-07,34,League
1082638,2017,2017-05-08,7,League
1082639,2017,2017-05-09,34,League
1082640,2017,2017-05-10,36,League
1082641,2017,2017-05-11,4,League
1082642,2017,2017-05-12,3,League
1082643,2017,2017-05-13,36,League
1082644,2017,2017-05-13,5,League
1082645,2017,2017-05-14,28,League
1082646,2017,2017-05-14,3,League
1082647,2017,2017-05-16,4,Qualifier 1
1082648,2017,2017-05-17,1,Eliminator
1082649,2017,2017-05-19,1,Qualifier 2
1082650,2017,2017-05-21,7,Final
1136561,2018,2018-04-07,4,League
1136562,2018,2018-04-08,38,League
1136563,2018,2018-04-08,5,League
1136564,2018,2018-04-09,39,League
1136565,2018,2018-04-10,40,League
1136566,2018,2018-04-11,6,League
1136567,2018,2018-04-12,39,League
1136568,2018,2018-04-13,37,League
1136569,2018,2018-04-14,4,League
1136570,2018,2018-04-14,5,League
1136571,2018,2018-04-15,37,League
1136572,2018,2018-04-15,38,League
1136573,2018,2018-04-16,5,League
1136574,2018,2018-04-17,4,League
1136575,2018,2018-04-18,6,League
1136576,2018,2018-04-19,38,League
1136577,2018,2018-04-20,28,League
1136578,2018,2018-04-21,5,League
1136579,2018,2018-04-21,37,League
1136580,2018,2018-04-22,39,League
1136581,2018,2018-04-22,6,League
1136582,2018,2018-04-23,41,League
1136583,2018,2018-04-24,4,League
1136584,2018,2018-04-25,37,League
1136585,2018,2018-04-26,39,League
1136586,2018,2018-04-27,41,League
1136587,2018,2018-04-28,28,League
1136588,2018,2018-04-29,6,League
1136589,2018,2018-04-29,37,League
1136590,2018,2018-04-30,28,League
1136591,2018,2018-05-01,37,League
1136592,2018,2018-05-02,41,League
1136593,2018,2018-05-03,5,League
1136594,2018,2018-05-04,25,League
1136595,2018,2018-05-05,28,League
1136596,2018,2018-05-05,39,League
1136597,2018,2018-05-06,4,League
1136598,2018,2018-05-06,25,League
1136599,2018,2018-05-07,39,League
1136600,2018,2018-05-08,6,League
1136601,2018,2018-05-09,5,League
1136602,2018,2018-05-10,41,League
1136603,2018,2018-05-11,6,League
1136604,2018,2018-05-12,25,League
1136605,2018,2018-05-12,41,League
1136606,2018,2018-05-13,28,League
1136607,2018,2018-05-13,4,League
1136608,2018,2018-05-14,25,League
1136609,2018,2018-05-15,5,League
1136610,2018,2018-05-16,4,League
1136611,2018,2018-05-17,37,League
1136612,2018,2018-05-18,41,League
1136613,2018,2018-05-19,6,League
1136614,2018,2018-05-19,39,League
1136615,2018,2018-05-20,41,League
1136616,2018,2018-05-20,28,League
1136617,2018,2018-05-22,4,Qualifier 1
1136618,2018,2018-05-23,5,Eliminator
1136619,2018,2018-05-25,5,Qualifier 2
1136620,2018,2018-05-27,4,Final
1175356,2019,2019-03-23,40,League
1175357,2019,2019-03-24,5,League
1175358,2019,2019-03-24,4,League
1175359,2019,2019-03-25,6,League
1175360,2019,2019-03-26,41,League
1175361,2019,2019-03-27,5,League
1175362,2019,2019-03-28,37,League
1175363,2019,2019-03-29,39,League
1175364,2019,2019-03-30,38,League
1175365,2019,2019-03-30,41,League
1175366,2019,2019-03-31,39,League
1175367,2019,2019-03-31,40,League
1175368,2019,2019-04-01,38,League
1175369,2019,2019-04-02,6,League
1175370,2019,2019-04-03,4,League
1175371,2019,2019-04-04,41,League
1175372,2019,2019-04-05,37,League
1178393,2019,2019-04-06,40,League
1178394,2019,2019-04-06,39,League
1178395,2019,2019-04-07,37,League
1178396,2019,2019-04-07,6,League
1178397,2019,2019-04-08,38,League
1178398,2019,2019-04-09,40,League
1178399,2019,2019-04-10,4,League
1178400,2019,2019-04-11,6,League
1178401,2019,2019-04-12,5,League
1178402,2019,2019-04-13,4,League
1178403,2019,2019-04-13,38,League
1178404,2019,2019-04-14,5,League
1178405,2019,2019-04-14,39,League
1178406,2019,2019-04-15,4,League
1178407,2019,2019-04-16,38,League
1178408,2019,2019-04-17,39,League
1178409,2019,2019-04-18,41,League
1178410,2019,2019-04-19,5,League
1178411,2019,2019-04-20,6,League
1178412,2019,2019-04-20,41,League
1178413,2019,2019-04-21,39,League
1178414,2019,2019-04-21,37,League
1178415,2019,2019-04-22,6,League
1178416,2019,2019-04-23,40,League
1178417,2019,2019-04-24,37,League
1178418,2019,2019-04-25,5,League
1178419,2019,2019-04-26,40,League
1178420,2019,2019-04-27,6,League
1178421,2019,2019-04-28,41,League
1178422,2019,2019-04-28,5,League
1178423,2019,2019-04-29,39,League
1178424,2019,2019-04-30,37,League
1178425,2019,2019-05-01,40,League
1178426,2019,2019-05-02,4,League
1178427,2019,2019-05-03,38,League
1178428,2019,2019-05-04,41,League
1178429,2019,2019-05-04,37,League
1178430,2019,2019-05-05,38,League
1178431,2019,2019-05-05,4,League
1181764,2019,2019-05-07,40,Qualifier 1
1181766,2019,2019-05-08,26,Eliminator
1181767,2019,2019-05-10,26,Qualifier 2
1181768,2019,2019-05-12,39,Final
1216492,2020/21,2020-09-19,31,League
1216493,2020/21,2020-09-20,46,League
1216494,2020/21,2020-10-21,31,League
1216495,2020/21,2020-11-03,48,League
1216496,2020/21,2020-09-22,48,League
1216497,2020/21,2020-10-24,31,League
1216498,2020/21,2020-10-24,46,League
1216499,2020/21,2020-10-28,31,League
1216500,2020/21,2020-10-09,48,League
1216501,2020/21,2020-10-07,31,League
1216502,2020/21,2020-10-31,48,League
1216503,2020/21,2020-10-01,31,League
1216504,2020/21,2020-09-30,46,League
1216505,2020/21,2020-11-02,31,League
1216506,2020/21,2020-11-01,31,League
1216507,2020/21,2020-10-11,46,League
1216508,2020/21,2020-09-23,31,League
1216509,2020/21,2020-10-17,48,League
1216510,2020/21,2020-09-24,46,League
1216511,2020/21,2020-10-06,31,League
1216512,2020/21,2020-10-18,31,League
1216513,2020/21,2020-10-04,46,League
1216514,2020/21,2020-10-03,31,League
1216515,2020/21,2020-10-03,48,League
1216516,2020/21,2020-10-02,46,League
1216517,2020/21,2020-10-18,46,League
1216518,2020/21,2020-10-22,46,League
1216519,2020/21,2020-10-05,46,League
1216520,2020/21,2020-10-26,48,League
1216521,2020/21,2020-10-23,48,League
1216522,2020/21,2020-10-17,46,League
1216523,2020/21,2020-10-10,31,League
1216524,2020/21,2020-10-27,46,League
1216525,2020/21,2020-10-10,46,League
1216526,2020/21,2020-10-16,31,League
1216527,2020/21,2020-09-27,48,League
1216528,2020/21,2020-10-13,46,League
1216529,2020/21,2020-10-11,31,League
1216530,2020/21,2020-11-01,46,League
1216531,2020/21,2020-10-15,48,League
1216532,2020/21,2020-09-29,31,League
1216533,2020/21,2020-10-19,31,League
1216534,2020/21,2020-09-21,46,League
1216535,2020/21,2020-10-31,46,League
1216536,2020/21,2020-10-29,46,League
1216537,2020/21,2020-10-30,31,League
1216538,2020/21,2020-10-04,48,League
1216539,2020/21,2020-09-25,46,League
1216540,2020/21,2020-10-12,48,League
1216541,2020/21,2020-10-25,31,League
1216542,2020/21,2020-10-08,46,League
1216543,2020/21,2020-10-14,46,League
1216544,2020/21,2020-10-25,46,League
1216545,2020/21,2020-09-26,31,League
1216546,2020/21,2020-10-20,46,League
1216547,2020/21,2020-09-28,46,League
1237177,2020/21,2020-11-05,46,Qualifier 1
1237178,2020/21,2020-11-06,31,Eliminator
1237180,2020/21,2020-11-08,31,Qualifier 2
1237181,2020/21,2020-11-10,46,Final
1254058,2021,2021-04-09,42,League
1254059,2021,2021-04-10,43,League
1254060,2021,2021-04-11,42,League
1254061,2021,2021-04-12,43,League
1254062,2021,2021-04-13,42,League
1254063,2021,2021-04-14,42,League
1254064,2021,2021-04-15,43,League
1254065,2021,2021-04-16,43,League
1254066,2021,2021-04-17,42,League
1254067,2021,2021-04-18,42,League
1254068,2021,2021-04-18,43,League
1254069,2021,2021-04-19,43,League
1254070,2021,2021-04-20,42,League
1254071,2021,2021-04-21,42,League
1254072,2021,2021-04-21,43,League
1254073,2021,2021-04-22,43,League
1254074,2021,2021-04-23,42,League
1254075,2021,2021-04-24,43,League
1254076,2021,2021-04-25,43,League
1254077,2021,2021-04-25,42,League
1254078,2021,2021-04-26,44,League
1254079,2021,2021-04-27,44,League
1254080,2021,2021-04-28,45,League
1254081,2021,2021-04-29,45,League
1254082,2021,2021-04-29,44,League
1254083,2021,2021-04-30,44,League
1254084,2021,2021-05-01,45,League
1254085,2021,2021-05-02,45,League
1254086,2021,2021-05-02,44,League
1254087,2021,2021-09-20,47,League
1254088,2021,2021-10-08,47,League
1254089,2021,2021-10-02,47,League
1254090,2021,2021-10-03,48,League
1254091,2021,2021-09-30,48,League
1254092,2021,2021-09-28,48,League
1254093,2021,2021-10-05,48,League
1254094,2021,2021-10-07,46,League
1254095,2021,2021-10-06,47,League
1254096,2021,2021-09-23,47,League
1254097,2021,2021-09-25,47,League
1254098,2021,2021-09-26,47,League
1254099,2021,2021-09-28,47,League
1254100,2021,2021-09-27,46,League
1254101,2021,2021-10-08,46,League
1254102,2021,2021-10-01,46,League
1254103,2021,2021-09-29,46,League
1254104,2021,2021-09-19,46,League
1254105,2021,2021-09-22,46,League
1254106,2021,2021-10-07,48,League
1254107,2021,2021-09-25,48,League
1254108,2021,2021-09-26,46,League
1254109,2021,2021-10-03,46,League
1254110,2021,2021-10-04,46,League
1254111,2021,2021-09-21,46,League
1254112,2021,2021-10-02,48,League
1254113,2021,2021-09-24,48,League
1254114,2021,2021-10-10,46,Qualifier 1
1254115,2021,2021-10-11,48,Eliminator
1254116,2021,2021-10-13,48,Qualifier 2
1254117,2021,2021-10-15,46,Final
1304047,2022,2022-03-26,43,League
1304048,2022,2022-03-27,21,League
1304049,2022,2022-03-27,51,League
1304050,2022,2022-03-28,43,League
1304051,2022,2022-03-29,50,League
1304052,2022,2022-03-30,51,League
1304053,2022,2022-03-31,21,League
1304054,2022,2022-04-01,43,League
1304055,2022,2022-04-02,51,League
1304056,2022,2022-04-02,50,League
1304057,2022,2022-04-03,21,League
1304058,2022,2022-04-04,51,League
1304059,2022,2022-04-05,43,League
1304060,2022,2022-04-06,50,League
1304061,2022,2022-04-07,51,League
1304062,2022,2022-04-08,21,League
1304063,2022,2022-04-09,51,League
1304064,2022,2022-04-09,50,League
1304065,2022,2022-04-10,21,League
1304066,2022,2022-04-10,43,League
1304067,2022,2022-04-11,51,League
1304068,2022,2022-04-12,51,League
1304069,2022,2022-04-13,50,League
1304070,2022,2022-04-14,51,League
1304071,2022,2022-04-15,21,League
1304072,2022,2022-04-16,21,League
1304073,2022,2022-04-16,43,League
1304074,2022,2022-04-17,51,League
1304075,2022,2022-04-17,50,League
1304076,2022,2022-04-18,21,League
1304077,2022,2022-04-19,51,League
1304078,2022,2022-04-20,21,League
1304079,2022,2022-04-21,51,League
1304080,2022,2022-04-22,43,League
1304081,2022,2022-04-23,51,League
1304082,2022,2022-04-23,21,League
1304083,2022,2022-04-24,43,League
1304084,2022,2022-04-25,43,League
1304085,2022,2022-04-26,50,League
1304086,2022,2022-04-27,43,League
1304087,2022,2022-04-28,43,League
1304088,2022,2022-04-29,50,League
1304089,2022,2022-04-30,21,League
1304090,2022,2022-04-30,51,League
1304091,2022,2022-05-01,43,League
1304092,2022,2022-05-01,50,League
1304093,2022,2022-05-02,43,League
1304094,2022,2022-05-03,51,League
1304095,2022,2022-05-04,50,League
1304096,2022,2022-05-05,21,League
1304097,2022,2022-05-06,21,League
1304098,2022,2022-05-07,43,League
1304099,2022,2022-05-07,50,League
1304100,2022,2022-05-08,43,League
1304101,2022,2022-05-08,51,League
1304102,2022,2022-05-09,51,League
1304103,2022,2022-05-10,50,League
1304104,2022,2022-05-11,51,League
1304105,2022,2022-05-12,43,League
1304106,2022,2022-05-13,21,League
1304107,2022,2022-05-14,50,League
1304108,2022,2022-05-15,43,League
1304109,2022,2022-05-15,21,League
1304110,2022,2022-05-16,51,League
1304111,2022,2022-05-17,43,League
1304112,2022,2022-05-18,51,League
1304113,2022,2022-05-19,43,League
1304114,2022,2022-05-20,21,League
1304115,2022,2022-05-21,43,League
1304116,2022,2022-05-22,43,League
1312197,2022,2022-05-24,52,Qualifier 1
1312198,2022,2022-05-25,52,Eliminator
1312199,2022,2022-05-27,44,Qualifier 2
1312200,2022,2022-05-29,44,Final
1359475,2023,2023-03-31,44,League
1359476,2023,2023-04-01,53,League
1359477,2023,2023-04-01,54,League
1359478,2023,2023-04-02,55,League
1359479,2023,2023-04-02,56,League
1359480,2023,2023-04-03,42,League
1359481,2023,2023-04-04,45,League
1359482,2023,2023-04-05,57,League
1359483,2023,2023-04-06,52,League
1359484,2023,2023-04-07,54,League
1359485,2023,2023-04-08,57,League
1359486,2023,2023-04-08,43,League
1359487,2023,2023-04-09,44,League
1359488,2023,2023-04-09,55,League
1359489,2023,2023-04-10,56,League
1359490,2023,2023-04-11,45,League
1359491,2023,2023-04-12,42,League
1359492,2023,2023-04-13,53,League
1359493,2023,2023-04-14,52,League
1359494,2023,2023-04-15,56,League
1359495,2023,2023-04-15,54,League
1359496,2023,2023-04-16,43,League
1359497,2023,2023-04-16,44,League
1359498,2023,2023-04-17,56,League
1359499,2023,2023-04-18,55,League
1359500,2023,2023-04-19,58,League
1359501,2023,2023-04-20,53,League
1359502,2023,2023-04-20,45,League
1359503,2023,2023-04-21,42,League
1359504,2023,2023-04-22,54,League
1359505,2023,2023-04-22,43,League
1359506,2023,2023-04-23,56,League
1359507,2023,2023-04-23,52,League
1359508,2023,2023-04-24,55,League
1359509,2023,2023-04-25,44,League
1359510,2023,2023-04-26,56,League
1359511,2023,2023-04-27,58,League
1359512,2023,2023-04-28,53,League
1359513,2023,2023-04-29,52,League
1359514,2023,2023-04-29,45,League
1359515,2023,2023-04-30,42,League
1359516,2023,2023-04-30,43,League
1359517,2023,2023-05-01,54,League
1359518,2023,2023-05-02,44,League
1359519,2023,2023-05-03,54,League
1359520,2023,2023-05-03,53,League
1359521,2023,2023-05-04,55,League
1359522,2023,2023-05-05,58,League
1359523,2023,2023-05-06,42,League
1359524,2023,2023-05-06,45,League
1359525,2023,2023-05-07,44,League
1359526,2023,2023-05-07,58,League
1359527,2023,2023-05-08,52,League
1359528,2023,2023-05-09,43,League
1359529,2023,2023-05-10,42,League
1359530,2023,2023-05-11,52,League
1359531,2023,2023-05-12,43,League
1359532,2023,2023-05-13,55,League
1359533,2023,2023-05-13,45,League
1359534,2023,2023-05-14,58,League
1359535,2023,2023-05-14,42,League
1359536,2023,2023-05-15,44,League
1359537,2023,2023-05-16,54,League
1359538,2023,2023-05-17,59,League
1359539,2023,2023-05-18,55,League
1359540,2023,2023-05-19,59,League
1359541,2023,2023-05-20,45,League
1359542,2023,2023-05-20,52,League
1359543,2023,2023-05-21,43,League
1359544,2023,2023-05-21,56,League
1370350,2023,2023-05-23,42,Qualifier 1
1370351,2023,2023-05-24,42,Eliminator
1370352,2023,2023-05-26,44,Qualifier 2
1370353,2023,2023-05-29,44,Final
1422119,2024,2024-03-22,42,League
1422120,2024,2024-03-23,62,League
1422121,2024,2024-03-23,52,League
1422122,2024,2024-03-24,58,League
1422123,2024,2024-03-24,44,League
1422124,2024,2024-03-25,56,League
1422125,2024,2024-03-26,42,League
1422126,2024,2024-03-27,55,League
1422127,2024,2024-03-28,58,League
1422128,2024,2024-03-29,56,League
1422129,2024,2024-03-30,54,League
1422130,2024,2024-03-31,44,League
1422131,2024,2024-03-31,61,League
1422132,2024,2024-04-01,43,League
1422133,2024,2024-04-02,56,League
1422134,2024,2024-04-03,61,League
1422135,2024,2024-04-04,44,League
1422136,2024,2024-04-05,55,League
1422137,2024,2024-04-06,58,League
1422138,2024,2024-04-07,43,League
1422139,2024,2024-04-07,54,League
1426260,2024,2024-04-08,42,League
1426261,2024,2024-04-09,62,League
1426262,2024,2024-04-10,58,League
1426263,2024,2024-04-11,43,League
1426264,2024,2024-04-12,54,League
1426265,2024,2024-04-13,62,League
1426266,2024,2024-04-14,52,League
1426267,2024,2024-04-14,43,League
1426268,2024,2024-04-15,56,League
1426269,2024,2024-04-16,52,League
1426270,2024,2024-04-17,44,League
1426271,2024,2024-04-18,62,League
1426272,2024,2024-04-19,54,League
1426273,2024,2024-04-20,45,League
1426274,2024,2024-04-21,52,League
1426275,2024,2024-04-21,62,League
1426276,2024,2024-04-22,58,League
1426277,2024,2024-04-23,42,League
1426278,2024,2024-04-24,45,League
1426279,2024,2024-04-25,55,League
1426280,2024,2024-04-26,52,League
1426281,2024,2024-04-27,45,League
1426282,2024,2024-04-27,54,League
1426283,2024,2024-04-28,44,League
1426284,2024,2024-04-28,42,League
1426285,2024,2024-04-29,52,League
1426286,2024,2024-04-30,54,League
1426287,2024,2024-05-01,42,League
1426288,2024,2024-05-02,55,League
1426289,2024,2024-05-03,43,League
1426290,2024,2024-05-04,56,League
1426291,2024,2024-05-05,59,League
1426292,2024,2024-05-05,54,League
1426293,2024,2024-05-06,43,League
1426294,2024,2024-05-07,45,League
1426295,2024,2024-05-08,55,League
1426296,2024,2024-05-09,59,League
1426297,2024,2024-05-10,44,League
1426298,2024,2024-05-11,52,League
1426299,2024,2024-05-12,42,League
1426300,2024,2024-05-12,56,League
1426302,2024,2024-05-14,45,League
1426303,2024,2024-05-15,57,League
1426305,2024,2024-05-17,43,League
1426306,2024,2024-05-18,56,League
1426307,2024,2024-05-19,55,League
1426309,2024,2024-05-21,44,Qualifier 1
1426310,2024,2024-05-22,44,Eliminator
1426311,2024,2024-05-24,42,Qualifier 2
1426312,2024,2024-05-26,42,Final
1473438,2025,2025-03-22,52,League
1473439,2025,2025-03-23,55,League
1473440,2025,2025-03-23,42,League
1473441,2025,2025-03-24,61,League
1473442,2025,2025-03-25,44,League
1473443,2025,2025-03-26,57,League
1473444,2025,2025-03-27,55,League
1473445,2025,2025-03-28,42,League
1473446,2025,2025-03-29,44,League
1473447,2025,2025-03-30,61,League
1473448,2025,2025-03-30,57,League
1473449,2025,2025-03-31,43,League
1473450,2025,2025-04-01,54,League
1473451,2025,2025-04-02,56,League
1473452,2025,2025-04-03,52,League
1473453,2025,2025-04-04,54,League
1473454,2025,2025-04-05,42,League
1473455,2025,2025-04-05,62,League
1473456,2025,2025-04-08,52,League
1473457,2025,2025-04-06,55,League
1473458,2025,2025-04-07,43,League
1473459,2025,2025-04-08,62,League
1473460,2025,2025-04-09,44,League
1473461,2025,2025-04-10,56,League
1473462,2025,2025-04-11,42,League
1473463,2025,2025-04-12,54,League
1473464,2025,2025-04-12,55,League
1473465,2025,2025-04-13,58,League
1473466,2025,2025-04-13,45,League
1473467,2025,2025-04-14,54,League
1473468,2025,2025-04-15,62,League
1473469,2025,2025-04-16,45,League
1473470,2025,2025-04-17,43,League
1473471,2025,2025-04-18,56,League
1473472,2025,2025-04-19,44,League
1473473,2025,2025-04-19,58,League
1473474,2025,2025-04-20,62,League
1473475,2025,2025-04-20,43,League
1473476,2025,2025-04-21,52,League
1473477,2025,2025-04-22,54,League
1473478,2025,2025-04-23,55,League
1473479,2025,2025-04-24,56,League
1473480,2025,2025-04-25,42,League
1473481,2025,2025-04-26,52,League
1473482,2025,2025-04-27,43,League
1473483,2025,2025-04-27,45,League
1473484,2025,2025-04-28,58,League
1473485,2025,2025-04-29,45,League
1473486,2025,2025-04-30,42,League
1473487,2025,2025-05-01,58,League
1473488,2025,2025-05-02,44,League
1473489,2025,2025-05-03,56,League
1473490,2025,2025-05-04,52,League
1473491,2025,2025-05-04,59,League
1473492,2025,2025-05-05,55,League
1473493,2025,2025-05-06,43,League
1473494,2025,2025-05-07,52,League
1473495,2025,2025-05-08,59,League
1473497,2025,2025-05-18,58,League
1473498,2025,2025-05-18,45,League
1473499,2025,2025-05-19,54,League
1473500,2025,2025-05-20,45,League
1473501,2025,2025-05-21,43,League
1473502,2025,2025-05-22,44,League
1473503,2025,2025-05-23,54,League
1473504,2025,2025-05-25,44,League
1473505,2025,2025-05-25,45,League
1473506,2025,2025-05-26,58,League
1473507,2025,2025-05-27,54,League
1473508,2025,2025-05-29,62,Qualifier 1
1473509,2025,2025-05-30,63,Eliminator
1473510,2025,2025-06-01,44,Qualifier 2
1473511,2025,2025-06-03,44,Final
1485779,2025,2025-05-24,58,League
1527674,2026,2026-03-28,56,League
1527675,2026,2026-03-29,43,League
1527676,2026,2026-03-30,57,League
1527677,2026,2026-03-31,63,League
1527678,2026,2026-04-01,54,League
1527679,2026,2026-04-02,52,League
1527680,2026,2026-04-03,42,League
1527681,2026,2026-04-04,45,League
1527682,2026,2026-04-04,44,League
1527683,2026,2026-04-05,55,League
1527684,2026,2026-04-05,56,League
1527685,2026,2026-04-06,52,League
1527686,2026,2026-04-07,57,League
1527687,2026,2026-04-08,45,League
1527688,2026,2026-04-09,52,League
1527689,2026,2026-04-10,57,League
1527690,2026,2026-04-11,63,League
1527691,2026,2026-04-11,42,League
1527692,2026,2026-04-12,54,League
1527693,2026,2026-04-12,43,League
1529264,2026,2026-04-13,55,League
1529265,2026,2026-04-14,42,League
1529266,2026,2026-04-15,56,League
1529267,2026,2026-04-16,43,League
