match_id,winner_id,player_of_match_id,result,result_margin,target_run,target_over,super_over,method
335982,1.0,2,run,140,223.0,20,N,
335983,3.0,19,run,33,241.0,20,N,
335984,6.0,91,wicket,9,130.0,20,N,
335985,2.0,11,wicket,5,166.0,20,N,
335986,1.0,4,wicket,5,111.0,20,N,
335987,5.0,32,wicket,6,167.0,20,N,
335988,6.0,41,wicket,9,143.0,20,N,
335989,3.0,18,run,6,209.0,20,N,
335990,5.0,31,wicket,3,215.0,20,N,
335991,4.0,26,run,66,183.0,20,N,
335992,5.0,32,wicket,7,136.0,20,N,
335993,3.0,22,wicket,9,148.0,20,N,
335994,8.0,53,wicket,10,155.0,20,N,
335995,4.0,28,wicket,4,159.0,20,N,
335996,3.0,20,run,13,179.0,20,N,
335997,7.0,44,wicket,7,138.0,20,N,
335998,6.0,117,run,10,192.0,20,N,
335999,4.0,101,wicket,7,165.0,20,N,
336000,5.0,102,run,45,197.0,20,N,
336001,6.0,41,wicket,8,170.0,20,N,
336002,2.0,82,wicket,5,166.0,20,N,
336003,4.0,29,run,9,179.0,20,N,
336004,7.0,49,run,29,163.0,20,N,
336005,5.0,103,wicket,8,110.0,20,N,
336006,4.0,78,wicket,6,127.0,20,N,
336007,8.0,53,wicket,7,145.0,20,N,
336008,7.0,74,wicket,7,104.0,20,N,
336009,3.0,20,wicket,4,188.0,20,N,
336010,1.0,1,run,5,130.0,20,N,
336011,5.0,31,wicket,8,141.0,20,N,
336012,7.0,149,wicket,9,123.0,20,N,
336013,3.0,151,run,18,182.0,20,N,
336014,1.0,1,run,23,205.0,20,N,
336015,5.0,32,wicket,3,157.0,20,N,
336016,4.0,101,wicket,9,144.0,20,N,
336017,1.0,142,run,23,134.0,20,N,
336018,7.0,44,wicket,9,157.0,20,N,
336019,4.0,101,run,41,222.0,20,N,
336020,6.0,134,run,12,195.0,20,N,
336021,7.0,49,wicket,8,68.0,20,N,
336022,4.0,65,run,6,89.0,20,N,D/L
336023,5.0,75,run,65,198.0,20,N,
336024,7.0,72,run,25,179.0,20,N,
336025,3.0,121,run,3,53.0,20,N,D/L
336026,6.0,146,wicket,5,155.0,20,N,
336027,5.0,31,wicket,6,148.0,20,N,
336028,4.0,101,run,1,190.0,20,N,
336029,2.0,123,run,14,127.0,20,N,
336031,4.0,101,wicket,6,176.0,20,N,
336032,6.0,89,wicket,5,177.0,20,N,
336033,5.0,110,run,10,212.0,20,N,
336034,2.0,14,run,3,157.0,20,N,
336035,1.0,106,wicket,3,175.0,20,N,
336036,5.0,103,wicket,5,146.0,20,N,
336037,3.0,21,wicket,7,148.0,20,N,
336038,5.0,32,run,105,193.0,20,N,
336039,3.0,121,wicket,9,113.0,20,N,
336040,5.0,31,wicket,3,164.0,20,N,
392181,7.0,139,run,19,166.0,20,N,
392182,2.0,6,run,75,134.0,20,N,
392183,6.0,176,wicket,10,54.0,20,N,D/L
392184,8.0,62,wicket,8,102.0,20,N,
392185,3.0,120,run,92,180.0,20,N,
392186,1.0,163,run,11,69.0,20,N,D/L
392188,8.0,53,run,24,185.0,20,N,
392189,6.0,111,run,9,190.0,20,N,
392190,5.0,31,super,0,151.0,20,Y,
392191,4.0,162,wicket,7,169.0,20,N,
392192,8.0,131,run,12,169.0,20,N,
392194,6.0,133,wicket,6,150.0,20,N,
392195,4.0,26,run,27,140.0,20,N,
392196,8.0,98,wicket,6,166.0,20,N,
392197,7.0,139,run,92,188.0,20,N,
392198,5.0,31,wicket,5,144.0,20,N,
392199,2.0,11,wicket,5,140.0,20,N,
392200,4.0,26,run,3,120.0,20,N,
392201,6.0,224,wicket,6,149.0,20,N,
392202,3.0,21,run,38,165.0,20,N,
392203,7.0,155,run,9,149.0,20,N,
392204,2.0,27,run,8,146.0,20,N,
392205,5.0,31,wicket,3,142.0,20,N,
392206,3.0,187,run,18,164.0,20,N,
392207,4.0,65,wicket,6,154.0,20,N,
392208,2.0,9,wicket,9,150.0,20,N,
392209,3.0,20,run,78,179.0,20,N,
392210,5.0,75,run,78,212.0,20,N,
392211,6.0,40,wicket,9,155.0,20,N,
392212,8.0,57,run,19,146.0,20,N,
392213,5.0,197,wicket,7,106.0,20,N,
392214,3.0,18,run,12,187.0,20,N,D/L
392215,6.0,74,wicket,7,117.0,20,N,
392216,4.0,65,wicket,3,169.0,20,N,
392217,3.0,23,wicket,7,141.0,20,N,
392218,7.0,155,run,16,158.0,20,N,
392219,6.0,134,wicket,7,124.0,20,N,
392220,8.0,147,run,53,167.0,20,N,
392221,2.0,52,wicket,6,174.0,20,N,
392222,7.0,50,wicket,8,120.0,20,N,
392223,6.0,90,run,12,174.0,20,N,
392224,2.0,52,wicket,2,130.0,20,N,
392225,5.0,38,run,2,146.0,20,N,
392226,4.0,67,wicket,6,121.0,20,N,
392227,3.0,18,wicket,7,148.0,20,N,
392228,8.0,57,wicket,6,161.0,20,N,
392229,4.0,27,run,1,135.0,20,N,
392230,6.0,111,run,14,151.0,20,N,
392231,1.0,105,wicket,7,189.0,20,N,
392232,2.0,9,wicket,7,135.0,20,N,
392233,1.0,64,wicket,4,102.0,20,N,
392234,3.0,120,run,24,117.0,20,N,
392235,6.0,41,wicket,4,166.0,20,N,
392236,2.0,97,run,12,171.0,20,N,
392237,8.0,53,wicket,6,154.0,20,N,
392238,2.0,97,wicket,6,147.0,20,N,
392239,8.0,123,run,6,144.0,20,N,
419106,1.0,192,run,11,162.0,20,N,
419107,7.0,31,run,4,213.0,20,N,
419108,6.0,40,wicket,5,143.0,20,N,
419109,1.0,88,wicket,7,136.0,20,N,
419110,8.0,61,run,31,191.0,20,N,
419111,6.0,41,wicket,6,142.0,20,N,
419112,2.0,9,wicket,8,204.0,20,N,
419113,3.0,20,run,55,165.0,20,N,
419114,7.0,139,run,98,219.0,20,N,
419115,2.0,9,wicket,10,93.0,20,N,
419116,3.0,18,wicket,5,186.0,20,N,
419117,8.0,56,run,6,171.0,20,N,
419118,5.0,212,run,34,169.0,20,N,
419119,2.0,9,wicket,7,152.0,20,N,
419120,8.0,56,run,10,172.0,20,N,
419121,4.0,234,super,0,137.0,20,Y,
419122,7.0,139,wicket,7,156.0,20,N,
419123,2.0,46,run,36,172.0,20,N,
419124,5.0,231,run,31,184.0,20,N,
419125,7.0,139,wicket,5,181.0,20,N,
419126,5.0,31,wicket,8,149.0,20,N,
419127,1.0,88,run,39,184.0,20,N,
419128,6.0,236,run,17,184.0,20,N,
419129,5.0,184,run,17,178.0,20,N,
419130,7.0,50,run,41,173.0,20,N,
419131,6.0,188,run,40,178.0,20,N,
419132,7.0,195,wicket,4,164.0,20,N,
419133,3.0,186,wicket,5,162.0,20,N,
419134,6.0,89,run,67,189.0,20,N,
419135,1.0,1,run,24,182.0,20,N,
419136,2.0,159,wicket,6,182.0,20,N,
419137,3.0,186,run,23,247.0,20,N,
419138,7.0,209,run,63,179.0,20,N,
419139,4.0,65,wicket,8,201.0,20,N,
419140,6.0,242,run,37,185.0,20,N,
419141,5.0,38,run,2,160.0,20,N,
419142,3.0,21,run,24,166.0,20,N,
419143,5.0,225,wicket,9,154.0,20,N,
419144,1.0,1,run,14,182.0,20,N,
419145,8.0,179,wicket,7,185.0,20,N,
419146,4.0,26,wicket,6,155.0,20,N,
419147,8.0,189,wicket,6,139.0,20,N,
419148,2.0,82,wicket,7,161.0,20,N,
419149,4.0,68,wicket,7,112.0,20,N,
419150,7.0,139,run,37,175.0,20,N,
419151,8.0,257,run,13,152.0,20,N,
419152,7.0,222,run,39,184.0,20,N,
419153,3.0,202,wicket,9,140.0,20,N,
419154,2.0,159,wicket,5,131.0,20,N,
419155,6.0,40,wicket,6,113.0,20,N,
419156,8.0,57,wicket,5,175.0,20,N,
419157,7.0,211,run,57,192.0,20,N,
419158,1.0,347,wicket,8,133.0,20,N,
419159,3.0,20,wicket,6,193.0,20,N,
419160,8.0,56,run,11,146.0,20,N,
419161,1.0,84,wicket,9,134.0,20,N,
419162,7.0,222,run,35,185.0,20,N,
419163,3.0,249,run,38,143.0,20,N,
419164,2.0,123,wicket,9,83.0,20,N,
419165,3.0,21,run,22,169.0,20,N,
501198,3.0,124,run,2,154.0,20,N,
501199,5.0,39,wicket,8,138.0,20,N,
501200,2.0,111,wicket,6,162.0,20,N,
501201,7.0,195,wicket,8,96.0,20,N,
501202,10.0,274,wicket,7,113.0,20,N,
501203,1.0,9,run,9,164.0,20,N,
501204,5.0,38,wicket,6,152.0,20,N,
501205,7.0,139,wicket,9,141.0,20,N,
501206,4.0,168,wicket,6,189.0,20,N,
501207,10.0,232,wicket,4,149.0,20,N,
501208,8.0,95,run,33,176.0,20,N,
501209,1.0,40,wicket,9,160.0,20,N,
501210,9.0,2,wicket,8,183.0,20,N,
501211,3.0,19,run,21,184.0,20,N,
501212,4.0,168,wicket,8,166.0,20,N,
501213,6.0,27,wicket,3,188.0,20,N,
501214,1.0,151,wicket,8,82.0,20,N,
501215,9.0,2,wicket,7,135.0,20,N,D/L
501216,8.0,66,run,16,169.0,20,N,
501218,7.0,125,wicket,7,119.0,20,N,
501219,9.0,65,run,6,133.0,20,N,
501220,4.0,101,run,48,196.0,20,N,
501221,7.0,50,run,8,165.0,20,N,
501222,2.0,163,wicket,9,172.0,20,N,
501223,6.0,188,run,29,232.0,20,N,
501224,7.0,195,run,37,173.0,20,N,
501225,5.0,38,wicket,8,110.0,20,N,
501226,3.0,19,run,25,143.0,20,N,
501227,2.0,8,wicket,3,161.0,20,N,
501228,3.0,249,wicket,8,142.0,20,N,
501229,8.0,85,run,55,130.0,20,N,
501230,1.0,88,run,17,149.0,20,N,
501231,5.0,193,wicket,7,95.0,20,N,
501232,2.0,8,run,26,182.0,20,N,
501233,6.0,41,run,38,158.0,20,N,
501234,1.0,138,wicket,8,120.0,20,N,
501235,5.0,52,wicket,6,144.0,20,N,
501236,3.0,110,run,19,166.0,20,N,
501237,7.0,222,run,23,160.0,20,N,
501238,9.0,295,wicket,7,141.0,20,N,
501239,1.0,31,run,20,170.0,20,N,
501240,3.0,19,wicket,8,148.0,20,N,
501241,7.0,237,run,21,161.0,20,N,
501242,9.0,105,run,17,157.0,20,N,
501243,6.0,41,wicket,4,176.0,20,N,
501244,2.0,163,run,85,206.0,20,N,
501245,1.0,138,run,10,52.0,20,N,D/L
501246,7.0,209,run,32,179.0,20,N,
501247,2.0,163,wicket,9,126.0,20,N,
501248,10.0,237,wicket,5,120.0,20,N,
501249,3.0,186,run,63,197.0,20,N,
501250,10.0,254,wicket,6,137.0,20,N,
501251,4.0,303,run,76,164.0,20,N,
501252,2.0,271,wicket,9,147.0,20,N,
501253,3.0,20,run,18,177.0,20,N,
501254,4.0,89,wicket,6,179.0,20,N,
501255,2.0,163,wicket,4,102.0,20,N,D/L
501256,8.0,134,run,10,136.0,20,N,
501257,4.0,68,run,29,171.0,20,N,
501258,9.0,105,wicket,8,98.0,20,N,
501259,8.0,134,wicket,6,137.0,20,N,
501260,4.0,53,run,111,233.0,20,N,
501261,3.0,63,run,11,153.0,20,N,
501262,1.0,31,wicket,7,119.0,20,N,
501263,5.0,32,wicket,10,134.0,20,N,
501264,8.0,42,run,82,199.0,20,N,
501265,,789,super,0,,20,N,
501266,2.0,163,wicket,8,129.0,20,N,
501267,7.0,276,wicket,5,176.0,20,N,
501268,3.0,21,wicket,6,176.0,20,N,
501269,7.0,125,wicket,4,148.0,20,N,
501270,2.0,163,run,43,186.0,20,N,
501271,3.0,186,run,58,206.0,20,N,
548306,7.0,305,wicket,8,113.0,20,N,
548307,6.0,29,wicket,8,98.0,20,N,
548308,10.0,307,run,28,130.0,20,N,
548309,5.0,86,run,31,192.0,20,N,
548310,2.0,111,run,20,158.0,20,N,
548311,3.0,35,run,74,194.0,20,N,
548312,5.0,105,run,22,165.0,20,N,
548313,10.0,308,run,22,167.0,20,N,
548314,7.0,57,wicket,5,139.0,20,N,
548315,1.0,151,run,42,166.0,20,N,
548316,6.0,191,wicket,8,111.0,20,N,
548317,7.0,222,run,27,198.0,20,N,
548318,3.0,304,wicket,5,206.0,20,N,
548319,4.0,135,wicket,7,116.0,20,N,
548320,1.0,277,wicket,5,132.0,20,N,
548321,6.0,159,wicket,5,158.0,20,N,
548322,10.0,158,wicket,7,156.0,20,N,
548323,4.0,316,run,2,135.0,20,N,
548324,5.0,86,run,59,196.0,20,N,
548325,6.0,294,wicket,7,93.0,20,N,
548326,5.0,105,wicket,5,197.0,20,N,
548327,2.0,163,wicket,6,183.0,20,N,
548328,1.0,40,wicket,8,125.0,20,N,
548329,6.0,188,wicket,9,188.0,20,N,
548330,3.0,325,run,13,165.0,20,N,
548331,2.0,163,wicket,5,164.0,20,N,
548332,3.0,304,wicket,7,147.0,20,N,
548333,10.0,1,run,20,193.0,20,N,
548334,4.0,101,wicket,6,164.0,20,N,
548335,1.0,67,wicket,5,127.0,20,N,
548336,2.0,111,run,46,190.0,20,N,
548337,6.0,41,wicket,8,147.0,20,N,
548339,7.0,209,wicket,4,169.0,20,N,
548341,8.0,10,run,18,178.0,20,N,
548342,6.0,41,run,37,208.0,20,N,
548343,4.0,238,run,7,157.0,20,N,
548344,1.0,40,run,47,191.0,20,N,
548345,6.0,41,run,1,153.0,20,N,
548346,7.0,95,wicket,5,101.0,20,N,
548347,1.0,40,wicket,5,140.0,20,N,
548348,8.0,26,run,13,187.0,20,N,
548349,6.0,323,wicket,6,142.0,20,N,
548350,4.0,322,wicket,4,159.0,20,N,
548351,7.0,195,run,1,121.0,20,N,
548352,3.0,21,run,10,161.0,20,N,
548353,1.0,316,run,7,151.0,20,N,
548354,5.0,32,run,43,178.0,20,N,
548355,7.0,147,wicket,2,174.0,20,N,
548356,2.0,111,wicket,5,182.0,20,N,
548357,1.0,9,wicket,6,154.0,20,N,
548358,5.0,32,wicket,7,126.0,20,N,
548359,4.0,238,run,25,171.0,20,N,
548360,2.0,163,wicket,9,142.0,20,N,
548361,3.0,736,wicket,4,127.0,20,N,
548362,2.0,163,run,35,174.0,20,N,
548363,7.0,57,run,27,183.0,20,N,
548364,3.0,736,wicket,9,115.0,20,N,
548365,5.0,336,run,45,171.0,20,N,
548366,4.0,4,wicket,4,191.0,20,N,
548367,7.0,209,wicket,5,172.0,20,N,
548368,3.0,19,wicket,5,159.0,20,N,
548369,6.0,233,wicket,5,137.0,20,N,
548370,1.0,316,run,32,141.0,20,N,
548371,4.0,53,wicket,6,121.0,20,N,
548372,2.0,163,run,21,216.0,20,N,
548373,8.0,95,wicket,5,127.0,20,N,
548374,6.0,233,wicket,6,142.0,20,N,
548375,1.0,277,run,34,137.0,20,N,
548376,8.0,95,run,9,133.0,20,N,
548377,7.0,147,wicket,10,163.0,20,N,
548378,1.0,31,run,18,163.0,20,N,
548379,3.0,20,run,38,188.0,20,N,
548380,3.0,186,run,86,223.0,20,N,
548381,1.0,215,wicket,5,191.0,20,N,
597998,1.0,316,wicket,6,129.0,20,N,
597999,2.0,163,run,2,157.0,20,N,
598000,11.0,134,run,22,127.0,20,N,
598001,5.0,6,run,5,166.0,20,N,
598002,7.0,222,run,9,149.0,20,N,
598003,4.0,346,wicket,8,100.0,20,N,
598004,11.0,341,super,0,131.0,20,Y,
598005,5.0,39,run,19,145.0,20,N,
598006,7.0,89,run,44,210.0,20,N,
598007,3.0,19,wicket,10,139.0,20,N,
598008,2.0,163,wicket,8,155.0,20,N,
598009,10.0,255,wicket,7,146.0,20,N,
598010,11.0,134,wicket,3,115.0,20,N,
598011,7.0,57,run,41,184.0,20,N,
598012,3.0,35,wicket,4,166.0,20,N,
598013,1.0,40,run,48,181.0,20,N,
598014,5.0,311,wicket,6,125.0,20,N,
598015,10.0,307,run,24,160.0,20,N,
598016,4.0,119,run,4,158.0,20,N,
598017,2.0,8,super,0,153.0,20,Y,
598018,11.0,134,run,11,120.0,20,N,
598019,5.0,86,run,87,180.0,20,N,
598020,3.0,19,run,86,170.0,20,N,
598021,11.0,341,wicket,5,124.0,20,N,
598022,3.0,35,wicket,4,120.0,20,N,
598023,2.0,82,wicket,7,118.0,20,N,
598024,6.0,41,wicket,9,162.0,20,N,
598025,4.0,321,wicket,7,186.0,20,N,
598026,3.0,19,wicket,5,186.0,20,N,
598027,2.0,163,run,130,264.0,20,N,
598028,4.0,321,run,7,172.0,20,N,
598029,7.0,147,wicket,5,160.0,20,N,
598030,3.0,20,wicket,5,160.0,20,N,
598031,1.0,9,wicket,6,150.0,20,N,
598032,5.0,311,wicket,8,145.0,20,N,
598033,7.0,147,run,58,195.0,20,N,
598034,3.0,19,run,14,201.0,20,N,
598035,6.0,188,run,15,165.0,20,N,
598036,5.0,352,wicket,4,172.0,20,N,
598037,7.0,57,run,4,175.0,20,N,
598038,3.0,20,run,37,165.0,20,N,
598039,11.0,85,wicket,7,130.0,20,N,
598040,6.0,188,wicket,7,137.0,20,N,
598041,3.0,21,run,15,187.0,20,N,
598042,2.0,111,run,17,188.0,20,N,
598043,1.0,31,wicket,8,133.0,20,N,
598044,11.0,362,wicket,6,81.0,20,N,
598045,4.0,53,wicket,7,175.0,20,N,
598046,7.0,358,run,60,140.0,20,N,
598047,5.0,86,wicket,5,179.0,20,N,
598048,2.0,8,wicket,7,162.0,20,N,
598049,5.0,86,wicket,9,155.0,20,N,
598050,7.0,139,run,65,171.0,20,N,
598051,3.0,21,run,77,224.0,20,N,
598052,5.0,310,wicket,8,146.0,20,N,
598053,1.0,40,run,46,153.0,20,N,
598054,2.0,347,run,4,184.0,20,N,
598055,7.0,358,wicket,5,113.0,20,N,
598056,11.0,17,run,30,151.0,20,N,
598057,1.0,9,wicket,5,116.0,20,N,
598058,5.0,32,wicket,5,142.0,20,N,
598059,4.0,257,wicket,5,121.0,20,N,
598060,7.0,222,wicket,7,179.0,20,N,
598061,10.0,97,run,7,171.0,20,N,
598062,3.0,20,run,33,169.0,20,N,
598063,7.0,208,run,14,167.0,20,N,
598064,4.0,321,wicket,6,191.0,20,N,
598065,11.0,134,run,23,137.0,20,N,
598066,4.0,322,run,50,184.0,20,N,
598067,10.0,359,run,38,173.0,20,N,
598068,2.0,8,run,24,107.0,20,N,
598069,11.0,17,wicket,5,131.0,20,N,
598070,3.0,19,run,48,193.0,20,N,
598071,5.0,105,wicket,4,133.0,20,N,
598072,7.0,50,wicket,4,166.0,20,N,
598073,7.0,222,run,23,149.0,20,N,
729279,1.0,9,run,41,164.0,20,N,
729281,2.0,383,wicket,8,146.0,20,N,
729283,4.0,306,wicket,6,206.0,20,N,
729285,5.0,86,wicket,4,134.0,20,N,
729287,2.0,17,wicket,7,116.0,20,N,
729289,6.0,155,wicket,4,167.0,20,N,
729291,4.0,306,wicket,7,192.0,20,N,
729293,3.0,21,run,93,178.0,20,N,
729295,4.0,306,run,72,194.0,20,N,
729297,3.0,35,run,7,141.0,20,N,
729299,1.0,337,run,2,151.0,20,N,
729301,11.0,255,run,4,185.0,20,N,
729303,3.0,364,wicket,7,142.0,20,N,
729305,5.0,371,wicket,6,71.0,20,N,
729307,4.0,368,run,23,133.0,20,N,
729309,6.0,186,wicket,6,126.0,20,N,
729311,3.0,147,wicket,5,146.0,20,N,
729313,4.0,368,wicket,5,125.0,20,N,
729315,5.0,311,super,0,153.0,20,Y,
729317,11.0,300,run,15,173.0,20,N,
733971,3.0,35,run,34,149.0,20,N,
733973,7.0,373,wicket,5,169.0,20,N,
733975,5.0,340,wicket,7,153.0,20,N,
733977,2.0,111,wicket,4,156.0,20,N,
733979,5.0,371,run,10,171.0,20,N,
733981,3.0,147,wicket,8,179.0,20,N,
733983,7.0,57,run,19,188.0,20,N,
733985,1.0,40,wicket,8,161.0,20,N,
733987,4.0,306,run,44,232.0,20,N,
733989,11.0,300,run,32,135.0,20,N,
733991,4.0,368,run,32,199.0,20,N,
733993,11.0,95,wicket,8,43.0,20,N,D/L
733995,3.0,147,wicket,4,158.0,20,N,
733997,1.0,40,wicket,9,150.0,20,N,
733999,5.0,311,wicket,5,191.0,20,N,
734001,7.0,209,wicket,7,158.0,20,N,
734003,3.0,35,wicket,5,149.0,20,N,
734005,2.0,27,run,16,187.0,20,N,
734007,4.0,63,wicket,6,206.0,20,N,
734009,1.0,46,wicket,6,142.0,20,N,
734011,5.0,86,run,62,202.0,20,N,
734013,2.0,111,wicket,5,139.0,20,N,
734015,1.0,233,wicket,7,143.0,20,N,
734017,7.0,19,run,25,179.0,20,N,
734019,4.0,375,wicket,4,165.0,20,N,
734021,11.0,188,wicket,7,161.0,20,N,
734023,1.0,46,wicket,8,155.0,20,N,
734025,7.0,384,wicket,7,157.0,20,N,
734027,1.0,46,run,30,196.0,20,N,
734029,11.0,188,wicket,6,186.0,20,N,
734031,7.0,19,run,15,174.0,20,N,
734033,4.0,101,run,16,180.0,20,N,
734035,3.0,20,wicket,8,155.0,20,N,
734037,1.0,31,wicket,4,161.0,20,N,
734039,4.0,346,wicket,7,116.0,20,N,
734041,7.0,373,wicket,5,190.0,20,N,
734043,1.0,233,run,28,164.0,20,N,
734045,3.0,21,wicket,7,174.0,20,N,
734047,4.0,41,run,24,227.0,20,N,
734049,1.0,97,wicket,3,200.0,20,N,
829705,1.0,191,wicket,7,169.0,20,N,
829707,3.0,74,run,1,151.0,20,N,
829709,5.0,311,run,26,163.0,20,N,
829711,3.0,2,run,45,210.0,20,N,
829713,2.0,163,wicket,3,178.0,20,N,
829715,5.0,395,wicket,3,185.0,20,N,
829717,4.0,198,run,18,178.0,20,N,
829719,11.0,188,wicket,8,167.0,20,N,
829721,5.0,307,wicket,7,165.0,20,N,
829723,1.0,335,wicket,7,166.0,20,N,
829725,6.0,261,wicket,5,166.0,20,N,
829727,5.0,86,wicket,6,128.0,20,N,
829729,3.0,74,wicket,6,184.0,20,N,
829731,6.0,155,run,4,168.0,20,N,
829733,1.0,335,wicket,4,156.0,20,N,
829735,5.0,86,wicket,8,157.0,20,N,
829737,7.0,50,run,18,210.0,20,N,
829739,1.0,233,wicket,6,147.0,20,N,
829741,4.0,101,super,0,192.0,20,Y,
829743,11.0,188,run,16,118.0,20,N,D/L
829745,3.0,21,run,27,182.0,20,N,
829747,6.0,394,run,37,191.0,20,N,
829749,2.0,379,wicket,9,131.0,20,N,
829751,7.0,195,run,20,158.0,20,N,
829753,3.0,2,run,97,193.0,20,N,
829757,2.0,297,wicket,10,96.0,20,N,
829759,11.0,461,run,20,151.0,20,N,
829761,1.0,68,run,13,172.0,20,N,
829763,,789,super,0,,20,N,
829765,3.0,72,run,2,135.0,20,N,
829767,6.0,372,wicket,9,119.0,20,N,
829769,7.0,209,run,8,188.0,20,N,
829771,2.0,238,wicket,7,112.0,20,N,
829773,11.0,188,run,22,193.0,20,N,
829775,7.0,384,run,23,173.0,20,N,
829777,5.0,86,run,14,190.0,20,N,
829779,3.0,21,run,24,149.0,20,N,
829781,1.0,233,run,35,168.0,20,N,
829783,7.0,50,wicket,5,153.0,20,N,
829785,2.0,163,run,138,227.0,20,N,
829787,11.0,217,run,7,202.0,20,N,
829789,7.0,400,wicket,6,159.0,20,N,
829791,1.0,335,wicket,1,184.0,20,N,
829793,11.0,164,run,6,164.0,20,N,
829795,2.0,111,run,39,236.0,20,N,
829797,3.0,35,run,12,158.0,20,N,
829799,11.0,188,run,5,186.0,20,N,
829801,6.0,15,wicket,6,120.0,20,N,
829803,4.0,375,run,22,107.0,20,N,
829805,7.0,400,run,5,172.0,20,N,
829807,2.0,8,wicket,6,81.0,20,N,D/L
829809,3.0,323,wicket,7,131.0,20,N,
829811,5.0,32,run,9,200.0,20,N,
829813,,789,super,0,188.0,20,N,
829815,7.0,403,wicket,9,114.0,20,N,
829817,7.0,222,run,25,188.0,20,N,
829819,2.0,111,run,71,181.0,20,N,
829821,3.0,74,wicket,3,140.0,20,N,
829823,7.0,57,run,41,203.0,20,N,
980901,12.0,86,wicket,9,122.0,20,N,
980903,1.0,335,wicket,9,99.0,20,N,
980905,13.0,255,wicket,5,162.0,20,N,
980907,2.0,111,run,45,228.0,20,N,
980909,7.0,57,wicket,6,188.0,20,N,
980911,13.0,255,wicket,7,164.0,20,N,
980913,6.0,134,wicket,8,112.0,20,N,
980915,1.0,40,wicket,8,143.0,20,N,
980917,13.0,255,wicket,3,144.0,20,N,
980919,4.0,346,wicket,6,153.0,20,N,
980921,6.0,356,wicket,7,192.0,20,N,
980923,11.0,188,wicket,7,143.0,20,N,
980925,1.0,46,wicket,6,139.0,20,N,
980927,7.0,57,wicket,6,171.0,20,N,
980929,11.0,300,wicket,10,136.0,20,N,
980931,2.0,111,run,13,186.0,20,N,
980933,6.0,352,run,10,165.0,20,N,
980935,11.0,480,wicket,5,144.0,20,N,
980937,13.0,8,wicket,6,181.0,20,N,
980939,1.0,309,wicket,2,161.0,20,N,
980941,7.0,17,run,25,190.0,20,N,
980943,12.0,107,run,34,61.0,20,N,D/L
980945,13.0,351,run,1,173.0,20,N,
980947,7.0,57,wicket,6,175.0,20,N,
980949,13.0,147,wicket,3,196.0,20,N,
980951,6.0,409,run,27,187.0,20,N,
980953,11.0,188,run,15,195.0,20,N,
980955,4.0,375,run,23,155.0,20,N,
980957,7.0,57,wicket,8,160.0,20,N,
980959,1.0,335,wicket,5,186.0,20,N,
980961,6.0,421,wicket,8,150.0,20,N,
980963,1.0,335,run,7,165.0,20,N,
980965,12.0,86,wicket,7,163.0,20,N,
980967,11.0,300,wicket,5,127.0,20,N,
980969,2.0,8,wicket,7,192.0,20,N,
980971,4.0,410,run,9,182.0,20,N,
980973,11.0,74,run,85,178.0,20,N,
980975,13.0,14,wicket,5,159.0,20,N,
980977,2.0,32,run,1,176.0,20,N,
980979,11.0,431,run,4,138.0,20,N,
980981,7.0,414,wicket,6,152.0,20,N,
980983,6.0,351,wicket,7,147.0,20,N,
980985,4.0,410,wicket,7,125.0,20,N,
980987,2.0,111,run,144,249.0,20,N,
980989,1.0,31,wicket,8,66.0,20,N,D/L
980991,11.0,428,wicket,7,180.0,20,N,
980993,7.0,414,run,80,207.0,20,N,
980995,2.0,8,wicket,9,184.0,20,N,
980997,12.0,107,run,19,58.0,20,N,D/L
980999,2.0,8,run,82,203.0,20,N,D/L
981001,13.0,147,wicket,6,125.0,20,N,
981003,6.0,340,wicket,6,159.0,20,N,
981005,12.0,20,wicket,4,173.0,20,N,
981007,13.0,21,wicket,6,173.0,20,N,
981009,1.0,31,run,22,172.0,20,N,
981011,2.0,8,wicket,6,139.0,20,N,
981013,2.0,111,wicket,4,159.0,20,N,
981015,11.0,164,run,22,163.0,20,N,
981017,11.0,188,wicket,4,163.0,20,N,
981019,11.0,386,run,8,209.0,20,N,
1082591,11.0,27,run,35,208.0,20,N,
1082592,14.0,307,wicket,7,185.0,20,N,
1082593,1.0,337,wicket,10,184.0,20,N,
1082594,4.0,306,wicket,6,164.0,20,N,
1082595,2.0,236,run,15,158.0,20,N,
1082596,11.0,446,wicket,9,136.0,20,N,
1082597,7.0,432,wicket,4,179.0,20,N,
1082598,4.0,375,wicket,8,149.0,20,N,
1082599,6.0,352,run,97,206.0,20,N,
1082600,7.0,376,wicket,4,159.0,20,N,
1082601,1.0,316,wicket,8,171.0,20,N,
1082602,7.0,222,wicket,4,143.0,20,N,
1082603,13.0,453,wicket,7,172.0,20,N,
1082604,1.0,46,run,17,173.0,20,N,
1082605,6.0,373,run,51,189.0,20,N,
1082606,7.0,432,wicket,6,177.0,20,N,
1082607,14.0,438,run,27,162.0,20,N,
1082608,1.0,372,wicket,4,169.0,20,N,
1082609,11.0,300,run,5,160.0,20,N,
1082610,2.0,163,run,21,214.0,20,N,
1082611,11.0,397,run,15,192.0,20,N,
1082612,7.0,408,wicket,8,199.0,20,N,
1082613,13.0,21,wicket,4,188.0,20,N,
1082614,7.0,403,run,14,143.0,20,N,
1082615,14.0,20,wicket,6,177.0,20,N,
1082616,4.0,428,run,26,189.0,20,N,
1082617,1.0,372,run,82,132.0,20,N,
1082618,14.0,438,run,3,161.0,20,N,
1082620,1.0,46,wicket,7,183.0,20,N,
1082621,13.0,453,wicket,7,135.0,20,N,
1082622,1.0,40,wicket,7,161.0,20,N,
1082623,11.0,446,run,26,208.0,20,N,
1082624,14.0,448,run,61,158.0,20,N,
1082625,7.0,414,super,0,154.0,20,Y,
1082626,4.0,368,wicket,10,68.0,20,N,
1082627,11.0,188,run,48,210.0,20,N,
1082628,7.0,57,wicket,5,163.0,20,N,
1082629,14.0,438,wicket,5,162.0,20,N,
1082630,6.0,348,wicket,6,186.0,20,N,
1082631,14.0,443,wicket,4,156.0,20,N,
1082632,6.0,421,wicket,7,209.0,20,N,
1082633,4.0,368,run,19,139.0,20,N,
1082634,14.0,347,run,12,149.0,20,N,
1082635,7.0,384,run,146,213.0,20,N,
1082636,1.0,316,wicket,6,159.0,20,N,
1082637,13.0,147,wicket,6,190.0,20,N,
1082638,11.0,42,wicket,7,139.0,20,N,
1082639,4.0,364,run,14,168.0,20,N,
1082640,6.0,394,wicket,2,196.0,20,N,
1082641,4.0,63,run,7,231.0,20,N,
1082642,6.0,340,run,7,169.0,20,N,
1082643,11.0,474,wicket,8,155.0,20,N,
1082644,7.0,209,run,9,174.0,20,N,
1082645,14.0,347,wicket,9,74.0,20,N,
1082646,2.0,312,run,10,162.0,20,N,
1082647,14.0,456,run,20,163.0,20,N,
1082648,1.0,372,wicket,7,48.0,20,N,D/L
1082649,7.0,167,wicket,6,108.0,20,N,
1082650,7.0,414,run,1,130.0,20,N,
1136561,3.0,72,wicket,1,166.0,20,N,
1136562,4.0,355,wicket,6,167.0,20,N,
1136563,1.0,316,wicket,4,177.0,20,N,
1136564,11.0,42,wicket,9,126.0,20,N,
1136565,3.0,422,wicket,5,203.0,20,N,
1136566,5.0,352,run,10,71.0,20,N,D/L
1136567,11.0,446,wicket,1,148.0,20,N,
1136568,2.0,233,wicket,4,156.0,20,N,
1136569,6.0,439,wicket,7,195.0,20,N,
1136570,11.0,469,wicket,5,139.0,20,N,
1136571,5.0,352,run,19,218.0,20,N,
1136572,4.0,163,run,4,198.0,20,N,
1136573,1.0,432,run,71,201.0,20,N,
1136574,7.0,57,run,46,214.0,20,N,
1136575,1.0,432,wicket,7,161.0,20,N,
1136576,4.0,163,run,15,194.0,20,N,
1136577,3.0,32,run,64,205.0,20,N,
1136578,4.0,355,wicket,9,125.0,20,N,D/L
1136579,2.0,111,wicket,6,175.0,20,N,
1136580,3.0,209,run,4,183.0,20,N,
1136581,5.0,477,wicket,3,168.0,20,N,
1136582,4.0,345,run,4,144.0,20,N,
1136583,11.0,446,run,31,119.0,20,N,
1136584,3.0,20,wicket,5,206.0,20,N,
1136585,11.0,345,run,13,133.0,20,N,
1136586,6.0,394,run,55,220.0,20,N,
1136587,7.0,57,wicket,8,170.0,20,N,
1136588,11.0,397,run,11,152.0,20,N,
1136589,1.0,337,wicket,6,176.0,20,N,
1136590,3.0,32,run,13,212.0,20,N,
1136591,2.0,378,run,14,168.0,20,N,
1136592,6.0,421,run,4,151.0,20,N,D/L
1136593,1.0,316,wicket,6,178.0,20,N,
1136594,7.0,309,wicket,6,175.0,20,N,
1136595,3.0,35,wicket,6,128.0,20,N,
1136596,11.0,446,wicket,7,164.0,20,N,
1136597,7.0,400,run,13,182.0,20,N,
1136598,4.0,470,wicket,6,153.0,20,N,
1136599,11.0,397,run,5,147.0,20,N,
1136600,5.0,408,run,15,159.0,20,N,
1136601,7.0,411,run,102,211.0,20,N,
1136602,11.0,42,wicket,9,188.0,20,N,
1136603,5.0,408,wicket,4,177.0,20,N,
1136604,1.0,316,run,31,246.0,20,N,
1136605,2.0,111,wicket,5,182.0,20,N,
1136606,3.0,209,wicket,8,180.0,20,N,
1136607,5.0,408,wicket,7,169.0,20,N,
1136608,2.0,233,wicket,10,89.0,20,N,
1136609,1.0,455,wicket,6,143.0,20,N,
1136610,7.0,376,run,3,187.0,20,N,
1136611,2.0,111,run,14,219.0,20,N,
1136612,6.0,312,run,34,163.0,20,N,
1136613,5.0,389,run,30,165.0,20,N,
1136614,1.0,337,wicket,5,173.0,20,N,
1136615,6.0,134,run,11,175.0,20,N,
1136616,3.0,699,wicket,5,154.0,20,N,
1136617,3.0,304,wicket,2,140.0,20,N,
1136618,1.0,335,run,25,170.0,20,N,
1136619,11.0,446,run,14,175.0,20,N,
1136620,3.0,32,wicket,8,179.0,20,N,
1175356,3.0,50,wicket,7,71.0,20,N,
1175357,1.0,335,wicket,6,182.0,20,N,
1175358,15.0,421,run,37,214.0,20,N,
1175359,4.0,163,run,14,185.0,20,N,
1175360,3.0,32,wicket,6,148.0,20,N,
1175361,1.0,335,run,28,219.0,20,N,
1175362,7.0,376,run,6,188.0,20,N,
1175363,11.0,446,wicket,5,199.0,20,N,
1175364,4.0,261,wicket,8,177.0,20,N,
1175365,15.0,478,super,0,186.0,20,Y,
1175366,11.0,493,run,118,232.0,20,N,
1175367,3.0,20,run,8,176.0,20,N,
1175368,4.0,498,run,14,167.0,20,N,
1175369,5.0,389,wicket,7,159.0,20,N,
1175370,7.0,400,run,37,171.0,20,N,
1175371,11.0,493,wicket,5,130.0,20,N,
1175372,1.0,335,wicket,5,206.0,20,N,
1178393,3.0,50,run,22,161.0,20,N,
1178394,7.0,504,run,40,137.0,20,N,
1178395,15.0,454,wicket,4,150.0,20,N,
1178396,1.0,502,wicket,8,140.0,20,N,
1178397,4.0,355,wicket,6,151.0,20,N,
1178398,3.0,444,wicket,7,109.0,20,N,
1178399,7.0,222,wicket,3,198.0,20,N,
1178400,3.0,20,wicket,4,152.0,20,N,
1178401,15.0,42,wicket,7,179.0,20,N,
1178402,5.0,408,wicket,4,188.0,20,N,
1178403,2.0,111,wicket,8,174.0,20,N,
1178404,3.0,387,wicket,5,162.0,20,N,
1178405,15.0,494,run,39,156.0,20,N,
1178406,7.0,195,wicket,5,172.0,20,N,
1178407,4.0,202,run,12,183.0,20,N,
1178408,11.0,188,wicket,6,133.0,20,N,
1178409,7.0,400,run,40,169.0,20,N,
1178410,2.0,8,run,10,214.0,20,N,
1178411,5.0,307,wicket,5,162.0,20,N,
1178412,15.0,394,wicket,5,164.0,20,N,
1178413,11.0,509,wicket,9,160.0,20,N,
1178414,2.0,17,run,1,162.0,20,N,
1178415,15.0,421,wicket,6,192.0,20,N,
1178416,3.0,32,wicket,6,176.0,20,N,
1178417,2.0,111,run,17,203.0,20,N,
1178418,5.0,297,wicket,3,176.0,20,N,
1178419,7.0,57,run,46,156.0,20,N,
1178420,5.0,347,wicket,7,161.0,20,N,
1178421,15.0,42,run,16,188.0,20,N,
1178422,1.0,335,run,34,233.0,20,N,
1178423,11.0,188,run,45,213.0,20,N,
1178424,,789,super,0,63.0,20,N,
1178425,3.0,20,run,80,180.0,20,N,
1178426,7.0,376,super,0,163.0,20,Y,
1178427,1.0,472,wicket,7,184.0,20,N,
1178428,15.0,134,wicket,5,116.0,20,N,
1178429,2.0,490,wicket,4,176.0,20,N,
1178430,4.0,355,wicket,6,171.0,20,N,
1178431,7.0,400,wicket,9,134.0,20,N,
1181764,7.0,309,wicket,6,132.0,20,N,
1181766,15.0,421,wicket,2,163.0,20,N,
1181767,3.0,304,wicket,6,148.0,20,N,
1181768,7.0,376,run,1,150.0,20,N,
1216492,3.0,209,wicket,5,163.0,20,N,
1216493,15.0,410,super,0,158.0,20,Y,
1216494,2.0,474,wicket,8,85.0,20,N,
1216495,11.0,294,wicket,10,150.0,20,N,
1216496,5.0,352,run,16,217.0,20,N,
1216497,1.0,527,run,59,195.0,20,N,
1216498,4.0,435,run,12,127.0,20,N,
1216499,7.0,309,wicket,5,165.0,20,N,
1216500,15.0,202,run,46,185.0,20,N,
1216501,1.0,443,run,10,168.0,20,N,
1216502,11.0,368,wicket,5,121.0,20,N,
1216503,7.0,222,run,48,192.0,20,N,
1216504,1.0,473,run,37,175.0,20,N,
1216505,15.0,516,wicket,6,153.0,20,N,
1216506,3.0,522,wicket,9,154.0,20,N,
1216507,5.0,391,wicket,5,159.0,20,N,
1216508,7.0,57,run,49,196.0,20,N,
1216509,15.0,42,wicket,5,180.0,20,N,
1216510,4.0,355,run,97,207.0,20,N,
1216511,7.0,309,run,57,194.0,20,N,
1216512,1.0,448,super,0,164.0,20,Y,
1216513,3.0,32,wicket,10,179.0,20,N,
1216514,2.0,383,wicket,8,155.0,20,N,
1216515,15.0,394,run,18,229.0,20,N,
1216516,11.0,519,run,7,165.0,20,N,
1216517,4.0,355,super,0,177.0,20,Y,
1216518,11.0,97,wicket,8,155.0,20,N,
1216519,15.0,375,run,59,197.0,20,N,
1216520,4.0,163,wicket,8,150.0,20,N,
1216521,7.0,461,wicket,10,115.0,20,N,
1216522,2.0,111,wicket,7,178.0,20,N,
1216523,1.0,89,run,2,165.0,20,N,
1216524,11.0,63,run,88,220.0,20,N,
1216525,2.0,8,run,37,170.0,20,N,
1216526,7.0,356,wicket,8,149.0,20,N,
1216527,5.0,352,wicket,4,224.0,20,N,
1216528,3.0,35,run,20,168.0,20,N,
1216529,7.0,356,wicket,5,163.0,20,N,
1216530,1.0,405,run,60,192.0,20,N,
1216531,4.0,355,wicket,8,172.0,20,N,
1216532,11.0,446,run,15,163.0,20,N,
1216533,5.0,408,wicket,7,126.0,20,N,
1216534,2.0,383,run,10,164.0,20,N,
1216535,7.0,411,wicket,9,111.0,20,N,
1216536,3.0,522,wicket,6,173.0,20,N,
1216537,5.0,438,wicket,7,186.0,20,N,
1216538,7.0,461,run,34,209.0,20,N,
1216539,15.0,478,run,44,176.0,20,N,
1216540,2.0,111,run,82,195.0,20,N,
1216541,5.0,438,wicket,8,196.0,20,N,
1216542,11.0,493,run,69,202.0,20,N,
1216543,15.0,516,run,13,162.0,20,N,
1216544,3.0,522,wicket,8,146.0,20,N,
1216545,1.0,472,wicket,7,143.0,20,N,
1216546,4.0,42,wicket,5,165.0,20,N,
1216547,2.0,111,super,0,202.0,20,Y,
1237177,7.0,376,run,57,201.0,20,N,
1237178,11.0,397,wicket,6,132.0,20,N,
1237180,15.0,410,run,17,190.0,20,N,
1237181,7.0,461,wicket,5,157.0,20,N,
1254058,2.0,312,wicket,2,160.0,20,N,
1254059,15.0,42,wicket,7,189.0,20,N,
1254060,1.0,432,run,10,188.0,20,N,
1254061,16.0,352,run,4,222.0,20,N,
1254062,7.0,447,run,10,153.0,20,N,
1254063,2.0,306,run,6,150.0,20,N,
1254064,5.0,347,wicket,3,148.0,20,N,
1254065,3.0,444,wicket,6,107.0,20,N,
1254066,7.0,222,run,13,151.0,20,N,
1254067,2.0,111,run,38,205.0,20,N,
1254068,15.0,42,wicket,6,196.0,20,N,
1254069,3.0,484,run,45,189.0,20,N,
1254070,15.0,134,wicket,6,138.0,20,N,
1254071,11.0,493,wicket,9,121.0,20,N,
1254072,3.0,304,run,18,221.0,20,N,
1254073,2.0,517,wicket,10,178.0,20,N,
1254074,16.0,355,wicket,9,132.0,20,N,
1254075,5.0,351,wicket,6,134.0,20,N,
1254076,3.0,35,run,69,192.0,20,N,
1254077,15.0,478,super,0,160.0,20,Y,
1254078,1.0,217,wicket,5,124.0,20,N,
1254079,2.0,111,run,1,172.0,20,N,
1254080,3.0,522,wicket,7,172.0,20,N,
1254081,7.0,356,wicket,7,172.0,20,N,
1254082,15.0,478,wicket,7,155.0,20,N,
1254083,16.0,511,run,34,180.0,20,N,
1254084,7.0,222,wicket,4,219.0,20,N,
1254085,5.0,408,run,55,221.0,20,N,
1254086,15.0,261,wicket,7,167.0,20,N,
1254087,1.0,527,wicket,9,93.0,20,N,
1254088,7.0,411,run,42,236.0,20,N,
1254089,5.0,522,wicket,7,190.0,20,N,
1254090,2.0,306,run,6,165.0,20,N,
1254091,3.0,584,wicket,6,135.0,20,N,
1254092,1.0,316,wicket,3,128.0,20,N,
1254093,7.0,372,wicket,8,91.0,20,N,
1254094,16.0,355,wicket,6,135.0,20,N,
1254095,11.0,397,run,4,142.0,20,N,
1254096,1.0,316,wicket,7,156.0,20,N,
1254097,15.0,394,run,33,155.0,20,N,
1254098,3.0,35,wicket,2,172.0,20,N,
1254099,7.0,222,wicket,6,136.0,20,N,
1254100,11.0,439,wicket,7,165.0,20,N,
1254101,2.0,549,wicket,7,165.0,20,N,
1254102,16.0,355,wicket,5,166.0,20,N,
1254103,2.0,383,wicket,7,150.0,20,N,
1254104,3.0,522,run,20,157.0,20,N,
1254105,15.0,516,wicket,8,135.0,20,N,
1254106,1.0,473,run,86,172.0,20,N,
1254107,16.0,392,run,5,126.0,20,N,
1254108,2.0,306,run,54,166.0,20,N,
1254109,1.0,472,wicket,6,116.0,20,N,
1254110,15.0,375,wicket,3,137.0,20,N,
1254111,5.0,530,run,2,186.0,20,N,
1254112,15.0,375,wicket,4,130.0,20,N,
1254113,3.0,72,wicket,6,157.0,20,N,
1254114,3.0,522,wicket,4,173.0,20,N,
1254115,1.0,316,wicket,4,139.0,20,N,
1254116,1.0,551,wicket,3,136.0,20,N,
1254117,3.0,304,run,27,193.0,20,N,
1304047,1.0,233,wicket,6,132.0,20,N,
1304048,15.0,455,wicket,4,178.0,20,N,
1304049,16.0,567,wicket,5,206.0,20,N,
1304050,18.0,348,wicket,5,159.0,20,N,
1304051,5.0,352,run,61,211.0,20,N,
1304052,2.0,550,wicket,3,129.0,20,N,
1304053,17.0,462,wicket,6,211.0,20,N,
1304054,1.0,233,wicket,6,138.0,20,N,
1304055,5.0,408,run,23,194.0,20,N,
1304056,18.0,448,run,14,172.0,20,N,
1304057,16.0,508,run,54,181.0,20,N,
1304058,17.0,500,run,12,170.0,20,N,
1304059,2.0,89,wicket,4,170.0,20,N,
1304060,1.0,405,wicket,5,162.0,20,N,
1304061,17.0,356,wicket,6,150.0,20,N,
1304062,18.0,472,wicket,6,190.0,20,N,
1304063,11.0,488,wicket,8,155.0,20,N,
1304064,2.0,561,wicket,7,152.0,20,N,
1304065,15.0,455,run,44,216.0,20,N,
1304066,5.0,383,run,3,166.0,20,N,
1304067,11.0,397,wicket,8,163.0,20,N,
1304068,3.0,491,run,23,217.0,20,N,
1304069,16.0,261,run,12,199.0,20,N,
1304070,18.0,400,run,37,193.0,20,N,
1304071,11.0,443,wicket,7,176.0,20,N,
1304072,17.0,355,run,18,200.0,20,N,
1304073,2.0,89,run,16,190.0,20,N,
1304074,11.0,577,wicket,7,152.0,20,N,
1304075,18.0,321,wicket,3,170.0,20,N,
1304076,5.0,383,run,7,218.0,20,N,
1304077,2.0,304,run,18,182.0,20,N,
1304078,15.0,455,wicket,9,116.0,20,N,
1304079,3.0,576,wicket,3,156.0,20,N,
1304080,5.0,408,run,15,223.0,20,N,
1304081,18.0,446,run,8,157.0,20,N,
1304082,11.0,538,wicket,9,69.0,20,N,
1304083,17.0,355,run,36,169.0,20,N,
1304084,16.0,42,run,11,188.0,20,N,
1304085,5.0,505,run,29,145.0,20,N,
1304086,18.0,577,wicket,5,196.0,20,N,
1304087,15.0,455,wicket,4,147.0,20,N,
1304088,17.0,414,run,20,154.0,20,N,
1304089,18.0,391,wicket,6,171.0,20,N,
1304090,7.0,309,wicket,5,159.0,20,N,
1304091,17.0,593,run,6,196.0,20,N,
1304092,3.0,522,run,13,203.0,20,N,
1304093,1.0,464,wicket,7,153.0,20,N,
1304094,16.0,454,wicket,8,144.0,20,N,
1304095,2.0,312,run,13,174.0,20,N,
1304096,15.0,188,run,21,208.0,20,N,
1304097,7.0,553,run,5,178.0,20,N,
1304098,5.0,521,wicket,6,190.0,20,N,
1304099,17.0,500,run,75,177.0,20,N,
1304100,2.0,550,run,67,193.0,20,N,
1304101,3.0,562,run,91,209.0,20,N,
1304102,1.0,376,run,52,166.0,20,N,
1304103,18.0,472,run,62,145.0,20,N,
1304104,15.0,254,wicket,8,161.0,20,N,
1304105,7.0,537,wicket,5,98.0,20,N,
1304106,16.0,493,run,54,210.0,20,N,
1304107,1.0,335,run,54,178.0,20,N,
1304108,18.0,63,wicket,7,134.0,20,N,
1304109,5.0,461,run,24,179.0,20,N,
1304110,15.0,407,run,17,160.0,20,N,
1304111,11.0,443,run,3,194.0,20,N,
1304112,17.0,356,run,2,211.0,20,N,
1304113,2.0,8,wicket,8,169.0,20,N,
1304114,5.0,202,wicket,5,151.0,20,N,
1304115,7.0,376,wicket,5,160.0,20,N,
1304116,16.0,511,wicket,5,158.0,20,N,
1312197,18.0,321,wicket,7,189.0,20,N,
1312198,2.0,539,run,14,208.0,20,N,
1312199,5.0,408,wicket,7,158.0,20,N,
1312200,18.0,400,wicket,7,131.0,20,N,
1359475,18.0,446,wicket,5,179.0,20,N,
1359476,16.0,529,run,7,154.0,20,N,D/L
1359477,17.0,463,run,50,194.0,20,N,
1359478,5.0,408,run,72,204.0,20,N,
1359479,2.0,304,wicket,8,172.0,20,N,
1359480,3.0,484,run,12,218.0,20,N,
1359481,18.0,579,wicket,6,163.0,20,N,
1359482,16.0,555,run,5,198.0,20,N,
1359483,1.0,407,run,81,205.0,20,N,
1359484,17.0,414,wicket,5,122.0,20,N,
1359485,5.0,521,run,57,200.0,20,N,
1359486,3.0,35,wicket,7,158.0,20,N,
1359487,1.0,464,wicket,3,205.0,20,N,
1359488,11.0,42,wicket,8,144.0,20,N,
1359489,17.0,496,wicket,1,213.0,20,N,
1359490,7.0,57,wicket,6,173.0,20,N,
1359491,5.0,202,run,3,176.0,20,N,
1359492,18.0,364,wicket,6,154.0,20,N,
1359493,11.0,610,run,23,229.0,20,N,
1359494,2.0,8,run,23,175.0,20,N,
1359495,16.0,606,wicket,2,160.0,20,N,
1359496,7.0,551,wicket,5,186.0,20,N,
1359497,5.0,490,wicket,3,178.0,20,N,
1359498,3.0,562,run,8,227.0,20,N,
1359499,7.0,612,run,14,193.0,20,N,
1359500,17.0,410,run,10,155.0,20,N,
1359501,2.0,474,run,24,175.0,20,N,
1359502,15.0,85,wicket,4,128.0,20,N,
1359503,3.0,35,wicket,7,135.0,20,N,
1359504,18.0,364,run,7,136.0,20,N,
1359505,16.0,498,run,13,215.0,20,N,
1359506,2.0,306,run,7,190.0,20,N,
1359507,3.0,86,run,49,236.0,20,N,
1359508,15.0,375,run,7,145.0,20,N,
1359509,18.0,570,run,55,208.0,20,N,
1359510,1.0,527,run,21,201.0,20,N,
1359511,5.0,521,run,32,203.0,20,N,
1359512,17.0,410,run,56,258.0,20,N,
1359513,18.0,760,wicket,7,180.0,20,N,
1359514,11.0,254,run,9,198.0,20,N,
1359515,16.0,562,wicket,4,201.0,20,N,
1359516,7.0,521,wicket,6,213.0,20,N,
1359517,2.0,304,run,18,127.0,20,N,
1359518,15.0,348,run,5,131.0,20,N,
1359519,,789,super,0,,20,N,
1359520,7.0,411,wicket,6,215.0,20,N,
1359521,1.0,527,run,5,172.0,20,N,
1359522,18.0,446,wicket,9,119.0,20,N,
1359523,3.0,759,wicket,6,140.0,20,N,
1359524,15.0,624,wicket,7,182.0,20,N,
1359525,18.0,472,run,56,228.0,20,N,
1359526,11.0,557,wicket,4,215.0,20,N,
1359527,1.0,335,wicket,5,180.0,20,N,
1359528,7.0,309,wicket,6,200.0,20,N,
1359529,3.0,35,run,27,168.0,20,N,
1359530,5.0,521,wicket,9,150.0,20,N,
1359531,7.0,309,run,27,219.0,20,N,
1359532,17.0,604,wicket,7,183.0,20,N,
1359533,16.0,514,run,31,168.0,20,N,
1359534,2.0,268,run,112,172.0,20,N,
1359535,1.0,464,wicket,6,145.0,20,N,
1359536,18.0,472,run,34,189.0,20,N,
1359537,17.0,410,run,5,178.0,20,N,
1359538,15.0,381,run,15,214.0,20,N,
1359539,2.0,8,wicket,8,187.0,20,N,
1359540,5.0,517,wicket,4,188.0,20,N,
1359541,3.0,522,run,77,224.0,20,N,
1359542,17.0,496,run,1,177.0,20,N,
1359543,7.0,612,wicket,8,201.0,20,N,
1359544,18.0,472,wicket,6,198.0,20,N,
1370350,3.0,522,run,15,173.0,20,N,
1370351,7.0,647,run,81,183.0,20,N,
1370352,18.0,472,run,62,234.0,20,N,
1370353,3.0,562,wicket,5,171.0,20,N,D/L
1422119,3.0,480,wicket,6,174.0,20,N,
1422120,16.0,498,wicket,4,175.0,20,N,
1422121,1.0,335,run,4,209.0,20,N,
1422122,5.0,352,run,20,194.0,20,N,
1422123,18.0,579,run,6,169.0,20,N,
1422124,19.0,8,wicket,4,177.0,20,N,
1422125,3.0,491,run,63,207.0,20,N,
1422126,11.0,488,run,31,278.0,20,N,
1422127,5.0,505,run,12,186.0,20,N,
1422128,1.0,316,wicket,7,183.0,20,N,
1422129,17.0,771,run,21,200.0,20,N,
1422130,18.0,364,wicket,7,163.0,20,N,
1422131,15.0,509,run,20,192.0,20,N,
1422132,5.0,461,wicket,6,126.0,20,N,
1422133,17.0,771,run,28,182.0,20,N,
1422134,1.0,316,run,106,273.0,20,N,
1422135,16.0,590,wicket,3,200.0,20,N,
1422136,11.0,488,wicket,6,166.0,20,N,
1422137,5.0,408,wicket,6,184.0,20,N,
1422138,7.0,571,run,29,235.0,20,N,
1422139,17.0,763,run,33,164.0,20,N,
1426260,3.0,35,wicket,7,138.0,20,N,
1426261,11.0,653,run,2,183.0,20,N,
1426262,18.0,446,wicket,3,197.0,20,N,
1426263,7.0,376,wicket,7,197.0,20,N,
1426264,15.0,455,wicket,6,168.0,20,N,
1426265,5.0,490,wicket,3,148.0,20,N,
1426266,1.0,624,wicket,8,162.0,20,N,
1426267,3.0,759,run,20,207.0,20,N,
1426268,11.0,418,run,25,288.0,20,N,
1426269,5.0,408,wicket,2,224.0,20,N,
1426270,15.0,421,wicket,6,90.0,20,N,
1426271,7.0,376,run,9,193.0,20,N,
1426272,17.0,355,wicket,8,177.0,20,N,
1426273,11.0,418,run,67,267.0,20,N,
1426274,1.0,335,run,1,223.0,20,N,
1426275,18.0,662,wicket,3,143.0,20,N,
1426276,5.0,368,wicket,9,180.0,20,N,
1426277,17.0,410,wicket,6,211.0,20,N,
1426278,15.0,421,run,4,225.0,20,N,
1426279,19.0,539,run,35,207.0,20,N,
1426280,16.0,493,wicket,8,262.0,20,N,
1426281,15.0,658,run,10,258.0,20,N,
1426282,5.0,352,wicket,7,197.0,20,N,
1426283,19.0,657,wicket,9,201.0,20,N,
1426284,3.0,522,run,78,213.0,20,N,
1426285,1.0,527,wicket,7,154.0,20,N,
1426286,17.0,410,wicket,4,145.0,20,N,
1426287,16.0,511,wicket,7,163.0,20,N,
1426288,11.0,300,run,1,202.0,20,N,
1426289,1.0,551,run,24,170.0,20,N,
1426290,19.0,474,wicket,4,148.0,20,N,
1426291,3.0,35,run,28,168.0,20,N,
1426292,1.0,316,run,98,236.0,20,N,
1426293,7.0,309,wicket,7,174.0,20,N,
1426294,15.0,455,run,20,222.0,20,N,
1426295,11.0,418,wicket,10,166.0,20,N,
1426296,19.0,8,run,60,242.0,20,N,
1426297,18.0,472,run,35,232.0,20,N,
1426298,1.0,527,run,18,158.0,20,N,
1426299,3.0,594,wicket,5,142.0,20,N,
1426300,19.0,612,run,47,188.0,20,N,
1426302,15.0,85,run,19,209.0,20,N,
1426303,16.0,498,wicket,5,145.0,20,N,
1426305,17.0,496,run,18,215.0,20,N,
1426306,19.0,304,run,27,219.0,20,N,
1426307,11.0,488,wicket,4,215.0,20,N,
1426309,1.0,379,wicket,8,160.0,20,N,
1426310,5.0,202,wicket,4,173.0,20,N,
1426311,11.0,536,run,36,176.0,20,N,
1426312,1.0,379,wicket,8,114.0,20,N,
1473438,19.0,414,wicket,7,175.0,20,N,
1473439,11.0,411,run,44,287.0,20,N,
1473440,3.0,631,wicket,4,156.0,20,N,
1473441,15.0,652,wicket,1,210.0,20,N,
1473442,16.0,394,run,11,244.0,20,N,
1473443,1.0,356,wicket,8,152.0,20,N,
1473444,17.0,407,wicket,5,191.0,20,N,
1473445,19.0,539,run,50,197.0,20,N,
1473446,18.0,485,run,36,197.0,20,N,
1473447,15.0,379,wicket,7,164.0,20,N,
1473448,5.0,432,run,6,183.0,20,N,
1473449,7.0,777,wicket,8,117.0,20,N,
1473450,16.0,514,wicket,8,172.0,20,N,
1473451,18.0,474,wicket,8,170.0,20,N,
1473452,1.0,575,run,80,201.0,20,N,
1473453,17.0,692,run,12,204.0,20,N,
1473454,15.0,355,run,25,184.0,20,N,
1473455,5.0,477,run,50,206.0,20,N,
1473456,17.0,496,run,4,239.0,20,N,
1473457,18.0,474,wicket,7,153.0,20,N,
1473458,19.0,539,run,12,222.0,20,N,
1473459,16.0,679,run,18,220.0,20,N,
1473460,18.0,579,run,58,218.0,20,N,
1473461,15.0,355,wicket,6,164.0,20,N,
1473462,1.0,316,wicket,8,104.0,20,N,
1473463,17.0,552,wicket,6,181.0,20,N,
1473464,11.0,488,wicket,8,246.0,20,N,
1473465,19.0,624,wicket,9,174.0,20,N,
1473466,7.0,167,run,12,206.0,20,N,
1473467,3.0,20,wicket,5,167.0,20,N,
1473468,16.0,383,run,16,112.0,20,N,
1473469,15.0,379,super,0,189.0,20,Y,
1473470,7.0,657,wicket,4,163.0,20,N,
1473471,16.0,553,wicket,5,96.0,20,N,
1473472,18.0,408,wicket,7,204.0,20,N,
1473473,17.0,500,run,2,181.0,20,N,
1473474,19.0,8,wicket,7,158.0,20,N,
1473475,7.0,57,wicket,9,177.0,20,N,
1473476,18.0,472,run,39,199.0,20,N,
1473477,15.0,609,wicket,8,160.0,20,N,
1473478,7.0,461,wicket,7,144.0,20,N,
1473479,19.0,584,run,11,206.0,20,N,
1473480,11.0,312,wicket,5,155.0,20,N,
1473481,,789,super,0,202.0,20,N,
1473482,7.0,657,run,54,216.0,20,N,
1473483,19.0,414,wicket,6,163.0,20,N,
1473484,5.0,688,wicket,8,210.0,20,N,
1473485,1.0,316,run,14,205.0,20,N,
1473486,16.0,394,wicket,4,191.0,20,N,
1473487,7.0,675,run,100,218.0,20,N,
1473488,18.0,485,run,38,225.0,20,N,
1473489,19.0,571,run,2,214.0,20,N,
1473490,1.0,335,run,1,207.0,20,N,
1473491,16.0,514,run,37,237.0,20,N,
1473492,,789,super,0,,20,N,
1473493,18.0,472,wicket,3,147.0,20,N,D/L
1473494,3.0,631,wicket,2,180.0,20,N,
1473495,,789,super,0,,20,N,
1473497,16.0,511,run,10,220.0,20,N,
1473498,18.0,579,wicket,10,200.0,20,N,
1473499,11.0,488,wicket,6,206.0,20,N,
1473500,5.0,647,wicket,6,188.0,20,N,
1473501,7.0,309,run,59,181.0,20,N,
1473502,17.0,254,run,33,236.0,20,N,
1473503,11.0,411,run,42,232.0,20,N,
1473504,3.0,578,run,83,231.0,20,N,
1473505,11.0,475,run,110,279.0,20,N,
1473506,16.0,685,wicket,7,185.0,20,N,
1473507,19.0,574,wicket,6,228.0,20,N,
1473508,19.0,764,wicket,8,102.0,20,N,
1473509,7.0,57,run,20,229.0,20,N,
1473510,16.0,394,wicket,5,204.0,20,N,
1473511,19.0,414,run,6,191.0,20,N,
1485779,15.0,645,wicket,6,207.0,20,N,
1527674,19.0,781,wicket,6,202.0,20,N,
1527675,7.0,407,wicket,6,221.0,20,N,
1527676,5.0,719,wicket,8,128.0,20,N,
1527677,16.0,710,wicket,3,163.0,20,N,
1527678,15.0,645,wicket,6,142.0,20,N,
1527679,11.0,653,run,65,227.0,20,N,
1527680,16.0,679,wicket,5,210.0,20,N,
1527681,15.0,645,wicket,6,163.0,20,N,
1527682,5.0,525,run,6,211.0,20,N,
1527683,17.0,348,wicket,5,157.0,20,N,
1527684,19.0,553,run,43,251.0,20,N,
1527685,,789,super,0,,20,N,
1527686,5.0,521,run,27,151.0,20,N,
1527687,18.0,446,run,1,211.0,20,N,
1527688,17.0,711,wicket,3,182.0,20,N,
1527689,5.0,688,wicket,6,202.0,20,N,
1527690,16.0,394,wicket,6,220.0,20,N,
1527691,3.0,352,run,23,213.0,20,N,
1527692,18.0,485,wicket,7,165.0,20,N,
1527693,19.0,624,run,18,241.0,20,N,
1529264,11.0,787,run,57,217.0,20,N,
1529265,3.0,631,run,32,193.0,20,N,
1529266,19.0,584,wicket,5,147.0,20,N,
1529267,16.0,529,wicket,7,196.0,20,N,
