match_id,team1_id,team2_id
335982,1,2
335983,3,4
335984,5,6
335985,7,2
335986,8,1
335987,4,5
335988,8,6
335989,3,7
335990,8,5
335991,4,7
335992,2,5
335993,1,3
335994,7,8
335995,6,4
335996,3,2
335997,1,7
335998,6,2
335999,8,4
336000,5,1
336001,3,6
336002,8,2
336003,4,1
336004,7,6
336005,3,5
336006,2,4
336007,3,8
336008,5,7
336009,6,3
336010,1,2
336011,8,5
336012,2,7
336013,3,4
336014,1,8
336015,6,5
336016,2,4
336017,1,6
336018,3,7
336019,4,5
336020,6,8
336021,1,7
336022,6,4
336023,5,2
336024,7,8
336025,1,3
336026,2,6
336027,1,5
336028,4,7
336029,2,3
336031,8,4
336032,7,6
336033,5,3
336034,2,8
336035,4,1
336036,7,5
336037,8,3
336038,5,6
336039,4,3
336040,3,5
392181,7,3
392182,2,5
392183,4,6
392184,1,8
392185,3,2
392186,4,1
392188,8,2
392189,6,3
392190,5,1
392191,2,4
392192,8,7
392194,2,6
392195,4,5
392196,3,8
392197,7,1
392198,6,5
392199,1,2
392200,4,7
392201,8,6
392202,3,5
392203,7,1
392204,2,4
392205,8,5
392206,3,6
392207,1,4
392208,7,2
392209,3,8
392210,5,4
392211,1,6
392212,8,7
392213,2,5
392214,3,4
392215,7,6
392216,8,4
392217,5,3
392218,7,2
392219,1,6
392220,8,5
392221,1,2
392222,4,7
392223,6,8
392224,3,2
392225,5,7
392226,6,4
392227,7,3
392228,1,8
392229,4,8
392230,6,5
392231,3,1
392232,6,2
392233,5,1
392234,3,4
392235,7,6
392236,2,8
392237,6,8
392238,3,2
392239,8,2
419106,1,8
419107,7,5
419108,4,6
419109,2,1
419110,8,3
419111,5,6
419112,4,2
419113,3,1
419114,7,6
419115,5,2
419116,6,3
419117,8,4
419118,5,1
419119,7,2
419120,8,6
419121,4,3
419122,1,7
419123,2,3
419124,5,4
419125,3,7
419126,8,5
419127,1,4
419128,6,2
419129,5,3
419130,7,8
419131,6,1
419132,4,7
419133,2,3
419134,6,5
419135,1,8
419136,4,2
419137,3,5
419138,7,8
419139,1,4
419140,6,2
419141,5,8
419142,3,7
419143,4,5
419144,1,6
419145,2,8
419146,7,4
419147,3,8
419148,1,2
419149,6,4
419150,7,5
419151,8,2
419152,7,6
419153,1,3
419154,5,2
419155,3,6
419156,4,8
419157,7,2
419158,5,1
419159,4,3
419160,8,6
419161,7,1
419162,7,2
419163,3,8
419164,8,2
419165,3,7
501198,3,1
501199,8,5
501200,9,2
501201,6,7
501202,4,10
501203,1,8
501204,6,5
501205,2,7
501206,3,4
501207,9,10
501208,8,2
501209,5,1
501210,7,9
501211,3,2
501212,8,4
501213,10,6
501214,5,1
501215,3,9
501216,8,6
501218,10,7
501219,9,1
501220,4,5
501221,7,3
501222,1,2
501223,6,4
501224,7,8
501225,9,5
501226,3,10
501227,6,2
501228,10,3
501229,8,9
501230,1,6
501231,7,5
501232,2,10
501233,6,9
501234,4,1
501235,10,5
501236,3,8
501237,7,4
501238,6,9
501239,1,8
501240,5,3
501241,7,10
501242,9,1
501243,8,6
501244,2,4
501245,3,1
501246,7,6
501247,9,2
501248,4,10
501249,3,5
501250,8,10
501251,4,7
501252,5,2
501253,3,6
501254,9,4
501255,1,2
501256,8,7
501257,4,6
501258,5,9
501259,10,8
501260,4,2
501261,3,9
501262,10,1
501263,7,5
501264,8,4
501265,6,10
501266,3,2
501267,1,7
501268,2,3
501269,1,7
501270,2,7
501271,3,2
548306,3,7
548307,1,6
548308,10,7
548309,5,4
548310,2,6
548311,3,8
548312,5,1
548313,10,4
548314,8,7
548315,1,2
548316,3,6
548317,7,5
548318,2,3
548319,10,4
548320,5,1
548321,8,6
548322,3,10
548323,4,1
548324,5,2
548325,7,6
548326,8,5
548327,10,2
548328,4,1
548329,8,6
548330,3,10
548331,4,2
548332,5,3
548333,10,6
548334,7,4
548335,8,1
548336,2,5
548337,10,6
548339,4,7
548341,8,10
548342,6,7
548343,4,3
548344,1,2
548345,6,5
548346,8,7
548347,3,1
548348,8,10
548349,5,6
548350,2,4
548351,7,10
548352,3,8
548353,1,10
548354,5,4
548355,3,7
548356,8,2
548357,6,1
548358,10,5
548359,4,8
548360,7,2
548361,5,3
548362,2,10
548363,7,1
548364,6,3
548365,5,10
548366,8,4
548367,2,7
548368,1,3
548369,4,6
548370,1,7
548371,3,4
548372,2,6
548373,5,8
548374,4,6
548375,1,10
548376,8,2
548377,5,7
548378,1,6
548379,3,7
548380,3,6
548381,3,1
597998,6,1
597999,2,7
598000,11,10
598001,5,6
598002,7,3
598003,10,4
598004,2,11
598005,5,1
598006,7,6
598007,4,3
598008,1,2
598009,5,10
598010,6,11
598011,7,10
598012,2,3
598013,1,11
598014,4,5
598015,10,3
598016,4,1
598017,6,2
598018,11,10
598019,5,7
598020,3,6
598021,4,11
598022,1,3
598023,5,2
598024,7,6
598025,10,4
598026,5,3
598027,2,10
598028,4,6
598029,1,7
598030,11,3
598031,4,1
598032,11,5
598033,7,2
598034,3,1
598035,6,10
598036,2,5
598037,7,4
598038,3,10
598039,7,11
598040,1,6
598041,3,4
598042,2,10
598043,5,1
598044,6,11
598045,2,4
598046,7,3
598047,10,5
598048,11,2
598049,6,5
598050,7,1
598051,3,11
598052,4,5
598053,1,10
598054,2,6
598055,10,7
598056,11,4
598057,2,1
598058,3,5
598059,6,4
598060,11,7
598061,10,1
598062,3,6
598063,7,5
598064,2,4
598065,11,5
598066,4,7
598067,10,6
598068,2,3
598069,1,11
598070,3,7
598071,11,5
598072,5,7
598073,7,3
729279,1,7
729281,6,2
729283,3,4
729285,11,5
729287,7,2
729289,1,6
729291,5,4
729293,3,6
729295,4,11
729297,3,5
729299,1,2
729301,11,6
729303,7,3
729305,2,5
729307,4,1
729309,7,6
729311,11,3
729313,2,4
729315,5,1
729317,11,7
733971,3,1
733973,4,7
733975,6,5
733977,11,2
733979,5,1
733981,6,3
733983,7,2
733985,6,1
733987,4,3
733989,11,5
733991,4,2
733993,6,11
733995,7,3
733997,4,1
733999,2,5
734001,11,7
734003,5,3
734005,2,6
734007,11,4
734009,7,1
734011,5,6
734013,3,2
734015,11,1
734017,7,5
734019,6,4
734021,2,11
734023,3,1
734025,4,7
734027,1,2
734029,3,11
734031,7,6
734033,4,5
734035,2,3
734037,11,1
734039,6,4
734041,5,7
734043,1,4
734045,7,3
734047,4,3
734049,4,1
829705,7,1
829707,3,6
829709,5,4
829711,3,11
829713,1,2
829715,6,5
829717,4,7
829719,2,11
829721,7,5
829723,3,1
829725,4,6
829727,11,5
829729,7,3
829731,6,11
829733,4,1
829735,3,5
829737,7,2
829739,6,1
829741,5,4
829743,11,1
829745,3,2
829747,6,7
829749,5,2
829751,7,11
829753,3,4
829757,6,2
829759,11,4
829761,1,6
829763,2,5
829765,3,1
829767,4,6
829769,7,5
829771,1,2
829773,11,3
829775,7,4
829777,5,6
829779,3,2
829781,1,11
829783,6,7
829785,2,4
829787,11,5
829789,3,7
829791,4,1
829793,11,6
829795,2,7
829797,3,5
829799,11,4
829801,3,6
829803,4,2
829805,7,1
829807,11,2
829809,4,3
829811,5,1
829813,6,2
829815,11,7
829817,7,3
829819,2,5
829821,2,3
829823,7,3
980901,7,12
980903,6,1
980905,4,13
980907,2,11
980909,1,7
980911,12,13
980913,4,6
980915,11,1
980917,7,13
980919,12,4
980921,2,6
980923,7,11
980925,4,1
980927,2,7
980929,13,11
980931,2,12
980933,6,7
980935,4,11
980937,2,13
980939,12,1
980941,7,4
980943,11,12
980945,13,6
980947,1,7
980949,12,13
980951,6,1
980953,11,2
980955,4,13
980957,12,7
980959,2,1
980961,13,6
980963,1,4
980965,6,12
980967,13,11
980969,12,2
980971,4,6
980973,11,7
980975,1,13
980977,2,4
980979,11,12
980981,2,7
980983,11,6
980985,7,4
980987,2,13
980989,12,1
980991,4,11
980993,7,6
980995,1,2
980997,6,12
980999,2,4
981001,1,13
981003,11,6
981005,4,12
981007,7,13
981009,1,11
981011,6,2
981013,13,2
981015,11,1
981017,13,11
981019,11,2
1082591,11,2
1082592,7,14
1082593,13,1
1082594,14,4
1082595,2,6
1082596,13,11
1082597,1,7
1082598,2,4
1082599,6,14
1082600,11,7
1082601,4,1
1082602,2,7
1082603,14,13
1082604,1,11
1082605,6,4
1082606,13,7
1082607,14,2
1082608,6,1
1082609,11,4
1082610,2,13
1082611,11,6
1082612,4,7
1082613,1,13
1082614,7,6
1082615,11,14
1082616,4,13
1082617,1,2
1082618,14,7
1082620,14,1
1082621,2,13
1082622,6,1
1082623,11,4
1082624,14,2
1082625,13,7
1082626,6,4
1082627,11,1
1082628,2,7
1082629,13,14
1082630,11,6
1082631,1,14
1082632,13,6
1082633,4,2
1082634,14,11
1082635,7,6
1082636,2,1
1082637,4,13
1082638,7,11
1082639,4,1
1082640,13,6
1082641,4,7
1082642,6,14
1082643,13,11
1082644,7,1
1082645,4,14
1082646,2,6
1082647,14,7
1082648,11,1
1082649,1,7
1082650,7,14
1136561,7,3
1136562,6,4
1136563,2,1
1136564,5,11
1136565,1,3
1136566,5,6
1136567,7,11
1136568,4,2
1136569,7,6
1136570,1,11
1136571,5,2
1136572,4,3
1136573,1,6
1136574,7,2
1136575,5,1
1136576,4,11
1136577,3,5
1136578,1,4
1136579,6,2
1136580,3,11
1136581,7,5
1136582,4,6
1136583,11,7
1136584,2,3
1136585,11,4
1136586,6,1
1136587,3,7
1136588,11,5
1136589,2,1
1136590,3,6
1136591,2,7
1136592,6,5
1136593,3,1
1136594,4,7
1136595,2,3
1136596,6,11
1136597,7,1
1136598,5,4
1136599,11,2
1136600,5,4
1136601,7,1
1136602,6,11
1136603,3,5
1136604,1,4
1136605,6,2
1136606,11,3
1136607,7,5
1136608,4,2
1136609,5,1
1136610,7,4
1136611,2,11
1136612,6,3
1136613,5,2
1136614,11,1
1136615,6,7
1136616,4,3
1136617,11,3
1136618,1,5
1136619,11,1
1136620,11,3
1175356,2,3
1175357,11,1
1175358,15,7
1175359,4,5
1175360,15,3
1175361,1,4
1175362,7,2
1175363,5,11
1175364,7,4
1175365,1,15
1175366,11,2
1175367,3,5
1175368,4,15
1175369,2,5
1175370,7,3
1175371,15,11
1175372,2,1
1178393,3,4
1178394,7,11
1178395,2,15
1178396,5,1
1178397,11,4
1178398,1,3
1178399,4,7
1178400,5,3
1178401,1,15
1178402,7,5
1178403,4,2
1178404,1,3
1178405,15,11
1178406,2,7
1178407,4,5
1178408,3,11
1178409,7,15
1178410,2,1
1178411,7,5
1178412,4,15
1178413,1,11
1178414,2,3
1178415,5,15
1178416,11,3
1178417,2,4
1178418,1,5
1178419,7,3
1178420,11,5
1178421,15,2
1178422,1,7
1178423,11,4
1178424,2,5
1178425,3,15
1178426,7,11
1178427,4,1
1178428,5,15
1178429,11,2
1178430,3,4
1178431,1,7
1181764,3,7
1181766,11,15
1181767,15,3
1181768,7,3
1216492,7,3
1216493,15,4
1216494,1,2
1216495,7,11
1216496,5,3
1216497,1,15
1216498,4,11
1216499,2,7
1216500,15,5
1216501,1,3
1216502,2,11
1216503,7,4
1216504,1,5
1216505,2,15
1216506,4,3
1216507,11,5
1216508,7,1
1216509,3,15
1216510,4,2
1216511,7,5
1216512,1,11
1216513,4,3
1216514,5,2
1216515,15,1
1216516,11,3
1216517,7,4
1216518,5,11
1216519,15,2
1216520,1,4
1216521,3,7
1216522,5,2
1216523,1,4
1216524,11,15
1216525,2,3
1216526,1,7
1216527,4,5
1216528,3,11
1216529,15,7
1216530,1,5
1216531,2,4
1216532,11,15
1216533,3,5
1216534,2,11
1216535,15,7
1216536,1,3
1216537,4,5
1216538,7,11
1216539,15,3
1216540,2,1
1216541,7,5
1216542,11,4
1216543,15,5
1216544,2,3
1216545,11,1
1216546,15,4
1216547,2,7
1237177,7,15
1237178,2,11
1237180,15,11
1237181,15,7
1254058,7,2
1254059,3,15
1254060,1,11
1254061,16,5
1254062,7,1
1254063,2,11
1254064,15,5
1254065,16,3
1254066,7,11
1254067,2,1
1254068,16,15
1254069,3,5
1254070,7,15
1254071,16,11
1254072,3,1
1254073,5,2
1254074,7,16
1254075,1,5
1254076,3,2
1254077,15,11
1254078,16,1
1254079,2,15
1254080,11,3
1254081,5,7
1254082,1,15
1254083,16,2
1254084,3,7
1254085,5,11
1254086,16,15
1254087,2,1
1254088,7,11
1254089,3,5
1254090,2,16
1254091,11,3
1254092,15,1
1254093,5,7
1254094,3,16
1254095,11,2
1254096,7,1
1254097,15,5
1254098,1,3
1254099,16,7
1254100,5,11
1254101,15,2
1254102,1,16
1254103,5,2
1254104,3,7
1254105,11,15
1254106,1,5
1254107,16,11
1254108,2,7
1254109,11,1
1254110,3,15
1254111,5,16
1254112,7,15
1254113,2,3
1254114,15,3
1254115,2,1
1254116,15,1
1254117,3,1
1304047,3,1
1304048,7,15
1304049,2,16
1304050,17,18
1304051,5,11
1304052,1,2
1304053,3,17
1304054,16,1
1304055,5,7
1304056,18,15
1304057,16,3
1304058,17,11
1304059,5,2
1304060,7,1
1304061,15,17
1304062,16,18
1304063,3,11
1304064,7,2
1304065,15,1
1304066,5,17
1304067,18,11
1304068,3,2
1304069,16,7
1304070,18,5
1304071,1,11
1304072,17,7
1304073,2,15
1304074,16,11
1304075,3,18
1304076,5,1
1304077,2,17
1304078,16,15
1304079,7,3
1304080,5,15
1304081,18,1
1304082,2,11
1304083,17,7
1304084,16,3
1304085,5,2
1304086,11,18
1304087,1,15
1304088,17,16
1304089,2,18
1304090,5,7
1304091,17,15
1304092,3,11
1304093,5,1
1304094,18,16
1304095,2,3
1304096,15,11
1304097,7,18
1304098,16,5
1304099,17,1
1304100,2,11
1304101,3,15
1304102,1,7
1304103,18,17
1304104,5,15
1304105,3,7
1304106,16,2
1304107,1,11
1304108,3,18
1304109,5,17
1304110,15,16
1304111,11,7
1304112,17,1
1304113,18,2
1304114,3,5
1304115,15,7
1304116,11,16
1312197,5,18
1312198,2,17
1312199,2,5
1312200,5,18
1359475,3,18
1359476,16,1
1359477,17,15
1359478,5,11
1359479,7,2
1359480,3,17
1359481,15,18
1359482,16,5
1359483,1,2
1359484,11,17
1359485,5,15
1359486,7,3
1359487,18,1
1359488,16,11
1359489,2,17
1359490,15,7
1359491,5,3
1359492,16,18
1359493,11,1
1359494,2,15
1359495,17,16
1359496,1,7
1359497,18,5
1359498,3,2
1359499,7,11
1359500,17,5
1359501,2,16
1359502,1,15
1359503,11,3
1359504,18,17
1359505,16,7
1359506,2,5
1359507,3,1
1359508,15,11
1359509,18,7
1359510,1,2
1359511,5,3
1359512,17,16
1359513,1,18
1359514,11,15
1359515,3,16
1359516,5,7
1359517,2,17
1359518,15,18
1359519,17,3
1359520,16,7
1359521,1,11
1359522,5,18
1359523,7,3
1359524,2,15
1359525,18,17
1359526,5,11
1359527,16,1
1359528,2,7
1359529,3,15
1359530,1,5
1359531,7,18
1359532,11,17
1359533,16,15
1359534,2,5
1359535,3,1
1359536,18,11
1359537,17,7
1359538,15,16
1359539,11,2
1359540,16,5
1359541,3,15
1359542,17,1
1359543,11,7
1359544,2,18
1370350,3,18
1370351,7,17
1370352,18,7
1370353,18,3
1422119,19,3
1422120,15,16
1422121,1,11
1422122,5,17
1422123,18,7
1422124,16,19
1422125,3,18
1422126,11,7
1422127,5,15
1422128,19,1
1422129,17,16
1422130,11,18
1422131,15,3
1422132,7,5
1422133,17,19
1422134,1,15
1422135,18,16
1422136,3,11
1422137,19,5
1422138,7,15
1422139,17,18
1426260,1,3
1426261,11,16
1426262,5,18
1426263,19,7
1426264,17,15
1426265,16,5
1426266,17,1
1426267,3,7
1426268,11,19
1426269,1,5
1426270,18,15
1426271,7,16
1426272,3,17
1426273,11,15
1426274,1,19
1426275,16,18
1426276,7,5
1426277,3,17
1426278,15,18
1426279,19,11
1426280,1,16
1426281,15,7
1426282,17,5
1426283,18,19
1426284,3,11
1426285,15,1
1426286,7,17
1426287,3,16
1426288,11,5
1426289,1,7
1426290,18,19
1426291,3,16
1426292,1,17
1426293,11,7
1426294,15,5
1426295,17,11
1426296,19,16
1426297,18,3
1426298,1,7
1426299,5,3
1426300,19,15
1426302,15,17
1426303,5,16
1426305,17,7
1426306,19,3
1426307,16,11
1426309,11,1
1426310,19,5
1426311,11,5
1426312,11,1
1473438,1,19
1473439,11,5
1473440,7,3
1473441,17,15
1473442,16,18
1473443,5,1
1473444,11,17
1473445,19,3
1473446,18,7
1473447,11,15
1473448,5,3
1473449,1,7
1473450,17,16
1473451,19,18
1473452,1,11
1473453,17,7
1473454,15,3
1473455,5,16
1473456,17,1
1473457,11,18
1473458,19,7
1473459,16,3
1473460,18,5
1473461,19,15
1473462,3,1
1473463,18,17
1473464,16,11
1473465,5,19
1473466,7,15
1473467,17,3
1473468,16,1
1473469,15,5
1473470,11,7
1473471,19,16
1473472,15,18
1473473,17,5
1473474,16,19
1473475,3,7
1473476,18,1
1473477,17,15
1473478,11,7
1473479,19,5
1473480,3,11
1473481,16,1
1473482,7,17
1473483,15,19
1473484,18,5
1473485,1,15
1473486,3,16
1473487,7,5
1473488,18,11
1473489,19,3
1473490,1,5
1473491,16,17
1473492,15,11
1473493,7,18
1473494,1,3
1473495,16,15
1473497,16,5
1473498,15,18
1473499,17,11
1473500,3,5
1473501,7,15
1473502,17,18
1473503,11,19
1473504,3,18
1473505,11,1
1473506,7,16
1473507,17,19
1473508,16,19
1473509,7,18
1473510,7,16
1473511,19,16
1485779,16,15
1527674,11,19
1527675,1,7
1527676,3,5
1527677,18,16
1527678,17,15
1527679,11,1
1527680,3,16
1527681,7,15
1527682,5,18
1527683,11,17
1527684,19,3
1527685,1,16
1527686,5,7
1527687,18,15
1527688,1,17
1527689,19,5
1527690,11,16
1527691,3,15
1527692,17,18
1527693,19,7
1529264,11,5
1529265,3,1
1529266,17,19
1529267,7,16
