match_id,toss_winner_id,toss_decision
335982,2,field
335983,3,bat
335984,5,bat
335985,7,bat
335986,8,bat
335987,4,bat
335988,8,bat
335989,7,field
335990,5,field
335991,7,field
335992,5,field
335993,1,bat
335994,8,field
335995,6,bat
335996,3,bat
335997,1,bat
335998,2,field
335999,4,field
336000,5,bat
336001,3,bat
336002,8,bat
336003,4,bat
336004,6,field
336005,3,bat
336006,4,field
336007,8,field
336008,7,field
336009,3,field
336010,1,bat
336011,5,field
336012,7,field
336013,4,field
336014,1,bat
336015,5,field
336016,2,bat
336017,1,bat
336018,7,field
336019,5,field
336020,8,field
336021,7,field
336022,6,bat
336023,2,field
336024,8,field
336025,1,bat
336026,6,field
336027,5,field
336028,7,field
336029,2,bat
336031,4,field
336032,6,field
336033,5,bat
336034,8,field
336035,4,bat
336036,5,field
336037,8,bat
336038,6,field
336039,4,bat
336040,5,field
392181,3,field
392182,2,bat
392183,6,field
392184,1,bat
392185,3,bat
392186,1,field
392188,8,bat
392189,6,bat
392190,1,field
392191,2,bat
392192,8,bat
392194,2,bat
392195,4,bat
392196,8,field
392197,7,bat
392198,6,bat
392199,1,bat
392200,4,bat
392201,6,field
392202,5,field
392203,7,bat
392204,2,bat
392205,8,bat
392206,6,field
392207,1,bat
392208,7,bat
392209,3,bat
392210,4,field
392211,1,bat
392212,8,bat
392213,5,field
392214,3,bat
392215,7,bat
392216,4,field
392217,5,bat
392218,7,bat
392219,6,field
392220,8,bat
392221,2,field
392222,4,bat
392223,8,field
392224,3,bat
392225,5,bat
392226,4,field
392227,7,bat
392228,8,field
392229,8,field
392230,6,bat
392231,3,bat
392232,6,bat
392233,1,field
392234,3,bat
392235,6,field
392236,2,bat
392237,8,field
392238,2,field
392239,2,field
419106,8,field
419107,7,bat
419108,6,field
419109,1,field
419110,8,bat
419111,6,field
419112,4,bat
419113,3,bat
419114,6,field
419115,2,field
419116,6,bat
419117,4,field
419118,5,bat
419119,7,bat
419120,8,bat
419121,3,field
419122,1,bat
419123,3,field
419124,4,field
419125,7,field
419126,8,bat
419127,1,bat
419128,2,field
419129,5,bat
419130,8,field
419131,6,bat
419132,7,field
419133,2,bat
419134,6,bat
419135,1,bat
419136,4,bat
419137,3,bat
419138,7,bat
419139,1,bat
419140,6,bat
419141,5,bat
419142,3,bat
419143,4,bat
419144,1,bat
419145,8,field
419146,7,bat
419147,3,bat
419148,2,field
419149,6,bat
419150,5,field
419151,2,field
419152,7,bat
419153,1,bat
419154,5,bat
419155,3,bat
419156,8,field
419157,2,field
419158,5,bat
419159,3,field
419160,8,bat
419161,7,bat
419162,7,bat
419163,3,bat
419164,8,bat
419165,3,bat
501198,3,bat
501199,5,field
501200,9,bat
501201,6,bat
501202,4,bat
501203,1,bat
501204,6,bat
501205,7,field
501206,4,field
501207,9,bat
501208,2,field
501209,1,field
501210,9,field
501211,3,bat
501212,4,field
501213,6,field
501214,1,field
501215,9,field
501216,8,bat
501218,10,bat
501219,1,field
501220,5,field
501221,3,field
501222,2,field
501223,4,field
501224,8,field
501225,5,field
501226,10,field
501227,2,field
501228,10,bat
501229,9,field
501230,6,field
501231,5,field
501232,10,field
501233,6,bat
501234,1,field
501235,5,field
501236,3,bat
501237,4,field
501238,9,field
501239,8,field
501240,5,bat
501241,10,field
501242,1,field
501243,6,field
501244,4,field
501245,3,bat
501246,6,field
501247,9,bat
501248,4,bat
501249,5,field
501250,8,bat
501251,7,field
501252,2,field
501253,3,bat
501254,4,field
501255,2,field
501256,8,bat
501257,6,field
501258,9,field
501259,8,field
501260,4,bat
501261,3,bat
501262,1,field
501263,7,bat
501264,4,field
501265,6,bat
501266,2,field
501267,7,field
501268,3,field
501269,7,field
501270,7,field
501271,3,bat
548306,7,field
548307,6,field
548308,7,field
548309,4,field
548310,6,field
548311,8,field
548312,1,field
548313,10,bat
548314,8,bat
548315,2,field
548316,6,field
548317,5,field
548318,2,bat
548319,4,field
548320,5,bat
548321,8,bat
548322,3,bat
548323,1,field
548324,5,bat
548325,6,field
548326,8,bat
548327,10,bat
548328,4,bat
548329,8,bat
548330,10,field
548331,2,field
548332,5,bat
548333,6,field
548334,7,bat
548335,1,field
548336,5,field
548337,10,bat
548339,4,bat
548341,8,bat
548342,7,field
548343,4,bat
548344,1,bat
548345,6,bat
548346,7,field
548347,3,bat
548348,8,bat
548349,5,bat
548350,4,field
548351,7,bat
548352,3,bat
548353,1,bat
548354,5,bat
548355,7,field
548356,2,field
548357,6,bat
548358,10,bat
548359,8,field
548360,2,field
548361,3,field
548362,10,field
548363,7,bat
548364,3,field
548365,5,bat
548366,8,bat
548367,7,field
548368,3,field
548369,4,bat
548370,7,field
548371,4,field
548372,6,field
548373,5,bat
548374,6,field
548375,1,bat
548376,2,field
548377,5,bat
548378,1,bat
548379,7,field
548380,6,field
548381,3,bat
597998,1,field
597999,7,field
598000,10,field
598001,5,bat
598002,7,bat
598003,10,bat
598004,2,bat
598005,1,field
598006,7,bat
598007,3,field
598008,2,field
598009,5,bat
598010,6,bat
598011,7,bat
598012,3,field
598013,1,bat
598014,5,field
598015,10,bat
598016,1,field
598017,2,field
598018,10,field
598019,5,bat
598020,3,bat
598021,4,bat
598022,1,bat
598023,2,field
598024,7,bat
598025,4,field
598026,5,bat
598027,10,field
598028,6,field
598029,1,bat
598030,11,bat
598031,4,bat
598032,11,bat
598033,7,bat
598034,1,field
598035,10,field
598036,5,field
598037,7,bat
598038,3,bat
598039,7,bat
598040,1,bat
598041,3,bat
598042,2,bat
598043,5,bat
598044,6,bat
598045,4,field
598046,7,bat
598047,10,bat
598048,11,bat
598049,6,bat
598050,7,bat
598051,11,field
598052,5,field
598053,1,bat
598054,6,field
598055,10,bat
598056,4,field
598057,1,field
598058,5,field
598059,4,field
598060,11,bat
598061,1,field
598062,3,bat
598063,5,field
598064,4,field
598065,11,bat
598066,7,field
598067,10,bat
598068,3,field
598069,1,bat
598070,3,bat
598071,11,bat
598072,5,bat
598073,7,bat
729279,1,bat
729281,2,field
729283,3,bat
729285,5,field
729287,2,field
729289,1,bat
729291,4,field
729293,3,bat
729295,11,field
729297,5,field
729299,2,field
729301,11,bat
729303,7,bat
729305,5,field
729307,1,field
729309,7,bat
729311,11,bat
729313,4,field
729315,5,bat
729317,7,field
733971,3,bat
733973,4,bat
733975,5,field
733977,2,field
733979,1,field
733981,3,field
733983,2,field
733985,6,bat
733987,3,field
733989,5,field
733991,2,field
733993,11,field
733995,3,field
733997,1,field
733999,2,bat
734001,11,bat
734003,5,bat
734005,6,field
734007,4,field
734009,1,field
734011,6,field
734013,3,bat
734015,11,bat
734017,7,bat
734019,4,field
734021,2,bat
734023,1,field
734025,7,field
734027,2,field
734029,11,field
734031,6,field
734033,5,field
734035,3,field
734037,1,field
734039,4,field
734041,7,field
734043,4,field
734045,3,field
734047,3,field
734049,1,field
829705,1,field
829707,6,field
829709,4,field
829711,3,bat
829713,2,field
829715,5,field
829717,7,field
829719,11,field
829721,7,bat
829723,1,field
829725,4,bat
829727,5,field
829729,7,bat
829731,6,bat
829733,1,field
829735,3,bat
829737,2,field
829739,1,field
829741,4,field
829743,1,field
829745,2,field
829747,7,field
829749,2,field
829751,7,bat
829753,3,bat
829757,2,field
829759,4,field
829761,1,bat
829763,5,field
829765,1,field
829767,6,field
829769,5,field
829771,2,field
829773,3,field
829775,7,bat
829777,6,field
829779,3,bat
829781,11,field
829783,6,bat
829785,4,field
829787,5,field
829789,3,bat
829791,4,bat
829793,11,bat
829795,2,bat
829797,3,bat
829799,11,bat
829801,3,bat
829803,2,field
829805,1,field
829807,11,bat
829809,4,bat
829811,5,bat
829813,2,field
829815,11,bat
829817,7,bat
829819,2,bat
829821,3,field
829823,3,field
980901,7,bat
980903,1,field
980905,13,field
980907,11,field
980909,7,field
980911,12,bat
980913,6,field
980915,11,bat
980917,13,field
980919,12,bat
980921,6,field
980923,11,field
980925,1,field
980927,7,field
980929,11,field
980931,12,field
980933,7,field
980935,11,field
980937,2,bat
980939,1,field
980941,4,field
980943,12,field
980945,6,field
980947,7,field
980949,13,field
980951,1,field
980953,2,field
980955,13,field
980957,7,field
980959,1,field
980961,6,field
980963,4,field
980965,12,field
980967,11,field
980969,2,field
980971,6,field
980973,7,field
980975,13,field
980977,4,field
980979,11,bat
980981,7,field
980983,6,field
980985,7,bat
980987,13,field
980989,12,bat
980991,4,bat
980993,6,field
980995,2,field
980997,12,field
980999,4,field
981001,13,field
981003,6,field
981005,4,bat
981007,13,field
981009,11,field
981011,2,field
981013,2,field
981015,1,field
981017,11,field
981019,11,bat
1082591,2,field
1082592,14,field
1082593,1,field
1082594,4,field
1082595,2,bat
1082596,11,field
1082597,7,field
1082598,2,bat
1082599,14,field
1082600,7,field
1082601,1,field
1082602,7,field
1082603,13,field
1082604,11,field
1082605,6,bat
1082606,7,field
1082607,2,field
1082608,6,bat
1082609,4,field
1082610,13,field
1082611,11,bat
1082612,7,field
1082613,13,field
1082614,6,field
1082615,14,field
1082616,13,field
1082617,2,field
1082618,7,field
1082620,1,field
1082621,13,field
1082622,1,field
1082623,4,field
1082624,2,field
1082625,13,bat
1082626,4,field
1082627,1,field
1082628,2,bat
1082629,14,field
1082630,6,field
1082631,14,field
1082632,6,field
1082633,2,field
1082634,11,field
1082635,6,field
1082636,1,field
1082637,13,field
1082638,7,bat
1082639,1,field
1082640,6,field
1082641,7,field
1082642,6,bat
1082643,11,field
1082644,1,field
1082645,14,field
1082646,2,bat
1082647,7,field
1082648,1,field
1082649,7,field
1082650,7,bat
1136561,3,field
1136562,4,field
1136563,1,field
1136564,11,field
1136565,3,field
1136566,6,field
1136567,11,field
1136568,2,field
1136569,6,field
1136570,11,field
1136571,2,field
1136572,3,field
1136573,6,field
1136574,2,field
1136575,1,field
1136576,4,bat
1136577,5,field
1136578,4,field
1136579,2,field
1136580,11,field
1136581,7,bat
1136582,6,field
1136583,7,field
1136584,3,field
1136585,4,field
1136586,1,field
1136587,7,field
1136588,11,bat
1136589,1,field
1136590,6,field
1136591,7,field
1136592,5,field
1136593,1,field
1136594,7,field
1136595,3,field
1136596,6,bat
1136597,1,field
1136598,4,field
1136599,2,field
1136600,5,bat
1136601,1,field
1136602,6,bat
1136603,3,bat
1136604,4,field
1136605,2,field
1136606,3,field
1136607,5,field
1136608,2,field
1136609,1,field
1136610,4,field
1136611,11,field
1136612,3,field
1136613,5,bat
1136614,11,bat
1136615,6,bat
1136616,3,field
1136617,3,field
1136618,5,field
1136619,1,field
1136620,3,field
1175356,3,field
1175357,1,field
1175358,7,field
1175359,5,field
1175360,15,bat
1175361,4,field
1175362,2,field
1175363,5,bat
1175364,4,field
1175365,15,field
1175366,2,field
1175367,5,field
1175368,15,field
1175369,5,field
1175370,3,field
1175371,11,field
1175372,1,field
1178393,3,bat
1178394,11,field
1178395,15,field
1178396,1,field
1178397,4,field
1178398,3,field
1178399,7,field
1178400,3,field
1178401,15,field
1178402,5,field
1178403,2,field
1178404,3,field
1178405,11,field
1178406,7,field
1178407,5,field
1178408,3,bat
1178409,7,bat
1178410,1,field
1178411,5,field
1178412,15,field
1178413,11,field
1178414,3,field
1178415,15,field
1178416,3,field
1178417,4,field
1178418,5,field
1178419,3,field
1178420,5,field
1178421,15,bat
1178422,7,field
1178423,4,field
1178424,5,field
1178425,15,field
1178426,7,bat
1178427,1,field
1178428,5,bat
1178429,2,field
1178430,4,field
1178431,7,field
1181764,3,bat
1181766,15,field
1181767,3,field
1181768,7,bat
1216492,3,field
1216493,4,field
1216494,1,bat
1216495,11,field
1216496,3,field
1216497,15,field
1216498,11,field
1216499,7,field
1216500,5,field
1216501,1,bat
1216502,11,field
1216503,4,field
1216504,5,field
1216505,15,field
1216506,3,field
1216507,11,bat
1216508,1,field
1216509,3,bat
1216510,2,field
1216511,7,bat
1216512,11,field
1216513,4,bat
1216514,5,bat
1216515,1,field
1216516,11,bat
1216517,7,bat
1216518,11,field
1216519,2,field
1216520,4,field
1216521,7,field
1216522,5,bat
1216523,1,bat
1216524,15,field
1216525,2,bat
1216526,1,bat
1216527,5,field
1216528,3,bat
1216529,15,bat
1216530,5,field
1216531,2,bat
1216532,15,field
1216533,3,bat
1216534,11,field
1216535,7,field
1216536,3,field
1216537,5,field
1216538,7,bat
1216539,3,field
1216540,2,bat
1216541,7,bat
1216542,11,bat
1216543,15,bat
1216544,2,bat
1216545,11,bat
1216546,15,bat
1216547,7,field
1237177,15,field
1237178,11,field
1237180,15,bat
1237181,15,bat
1254058,2,field
1254059,15,field
1254060,11,field
1254061,5,field
1254062,1,field
1254063,11,field
1254064,5,field
1254065,3,field
1254066,7,bat
1254067,2,bat
1254068,15,field
1254069,5,field
1254070,7,bat
1254071,16,bat
1254072,1,field
1254073,2,field
1254074,16,field
1254075,5,field
1254076,3,bat
1254077,15,bat
1254078,1,field
1254079,15,field
1254080,11,bat
1254081,7,field
1254082,15,field
1254083,2,field
1254084,7,field
1254085,11,field
1254086,15,field
1254087,2,bat
1254088,7,bat
1254089,5,field
1254090,2,bat
1254091,3,field
1254092,1,field
1254093,7,field
1254094,16,field
1254095,2,field
1254096,1,field
1254097,5,field
1254098,1,bat
1254099,7,field
1254100,5,bat
1254101,2,field
1254102,16,field
1254103,2,field
1254104,3,bat
1254105,11,bat
1254106,5,field
1254107,11,field
1254108,7,field
1254109,11,bat
1254110,15,field
1254111,16,field
1254112,15,field
1254113,3,field
1254114,3,field
1254115,2,bat
1254116,1,field
1254117,1,field
1304047,1,field
1304048,15,field
1304049,16,field
1304050,18,field
1304051,11,field
1304052,2,field
1304053,17,field
1304054,1,field
1304055,7,field
1304056,15,field
1304057,3,field
1304058,11,field
1304059,2,field
1304060,1,field
1304061,17,field
1304062,18,field
1304063,11,field
1304064,2,field
1304065,1,field
1304066,17,field
1304067,11,field
1304068,2,field
1304069,7,field
1304070,5,field
1304071,11,field
1304072,7,field
1304073,15,field
1304074,11,field
1304075,18,field
1304076,1,field
1304077,17,field
1304078,15,field
1304079,3,field
1304080,15,field
1304081,18,bat
1304082,11,field
1304083,7,field
1304084,3,field
1304085,2,field
1304086,18,field
1304087,15,field
1304088,16,field
1304089,2,bat
1304090,7,field
1304091,17,bat
1304092,11,field
1304093,1,field
1304094,18,bat
1304095,3,field
1304096,11,field
1304097,18,field
1304098,16,bat
1304099,1,field
1304100,2,bat
1304101,15,field
1304102,7,field
1304103,18,bat
1304104,15,field
1304105,7,field
1304106,2,field
1304107,1,bat
1304108,3,bat
1304109,5,bat
1304110,16,field
1304111,7,field
1304112,17,bat
1304113,18,bat
1304114,3,bat
1304115,7,field
1304116,11,bat
1312197,18,field
1312198,17,field
1312199,5,field
1312200,5,bat
1359475,18,field
1359476,1,field
1359477,15,field
1359478,11,field
1359479,2,field
1359480,17,field
1359481,18,field
1359482,5,field
1359483,2,field
1359484,11,bat
1359485,15,field
1359486,3,field
1359487,18,bat
1359488,11,field
1359489,17,field
1359490,7,field
1359491,3,field
1359492,18,field
1359493,1,field
1359494,15,field
1359495,16,field
1359496,7,field
1359497,5,field
1359498,2,field
1359499,11,field
1359500,5,field
1359501,16,field
1359502,15,field
1359503,3,field
1359504,18,bat
1359505,7,field
1359506,5,field
1359507,1,field
1359508,15,bat
1359509,7,field
1359510,2,field
1359511,5,bat
1359512,16,field
1359513,18,field
1359514,11,bat
1359515,3,bat
1359516,5,bat
1359517,2,bat
1359518,15,bat
1359519,3,field
1359520,7,field
1359521,1,bat
1359522,5,bat
1359523,3,field
1359524,2,bat
1359525,17,field
1359526,5,bat
1359527,16,bat
1359528,7,field
1359529,3,bat
1359530,5,field
1359531,18,field
1359532,11,bat
1359533,15,field
1359534,2,bat
1359535,3,bat
1359536,11,field
1359537,7,field
1359538,16,field
1359539,2,field
1359540,5,field
1359541,3,bat
1359542,1,field
1359543,7,field
1359544,18,field
1370350,18,field
1370351,7,bat
1370352,7,field
1370353,3,field
1422119,19,bat
1422120,16,field
1422121,11,field
1422122,5,bat
1422123,7,field
1422124,19,field
1422125,18,field
1422126,7,field
1422127,15,field
1422128,1,field
1422129,17,bat
1422130,11,bat
1422131,15,bat
1422132,5,field
1422133,19,field
1422134,1,bat
1422135,16,field
1422136,11,field
1422137,5,field
1422138,15,field
1422139,17,bat
1426260,3,field
1426261,16,field
1426262,18,field
1426263,7,field
1426264,17,bat
1426265,5,field
1426266,1,field
1426267,7,field
1426268,19,field
1426269,5,field
1426270,15,field
1426271,16,field
1426272,17,field
1426273,15,field
1426274,19,field
1426275,16,bat
1426276,7,bat
1426277,17,field
1426278,18,field
1426279,19,bat
1426280,16,field
1426281,7,field
1426282,5,field
1426283,19,field
1426284,11,field
1426285,15,bat
1426286,17,field
1426287,16,field
1426288,11,bat
1426289,7,field
1426290,19,field
1426291,16,field
1426292,17,field
1426293,7,field
1426294,5,field
1426295,17,bat
1426296,16,field
1426297,3,field
1426298,7,field
1426299,5,bat
1426300,15,field
1426302,17,field
1426303,5,bat
1426305,7,field
1426306,3,field
1426307,16,bat
1426309,11,bat
1426310,5,field
1426311,5,field
1426312,11,bat
1473438,19,field
1473439,5,field
1473440,3,field
1473441,15,field
1473442,18,field
1473443,1,field
1473444,17,field
1473445,3,field
1473446,7,field
1473447,11,bat
1473448,3,field
1473449,7,field
1473450,16,field
1473451,18,field
1473452,11,field
1473453,7,field
1473454,15,bat
1473455,16,field
1473456,1,field
1473457,18,field
1473458,7,field
1473459,16,bat
1473460,5,field
1473461,15,field
1473462,1,field
1473463,17,field
1473464,16,bat
1473465,19,field
1473466,15,field
1473467,3,field
1473468,16,bat
1473469,5,field
1473470,7,field
1473471,16,field
1473472,18,field
1473473,17,bat
1473474,19,field
1473475,7,field
1473476,1,field
1473477,15,field
1473478,7,field
1473479,5,field
1473480,11,field
1473481,16,bat
1473482,17,field
1473483,19,field
1473484,5,field
1473485,15,field
1473486,16,field
1473487,5,field
1473488,11,field
1473489,3,field
1473490,1,bat
1473491,17,field
1473492,11,field
1473493,18,field
1473494,1,bat
1473495,16,bat
1473497,16,bat
1473498,18,field
1473499,11,field
1473500,5,field
1473501,15,field
1473502,18,field
1473503,19,field
1473504,3,bat
1473505,11,bat
1473506,16,field
1473507,19,field
1473508,19,field
1473509,7,bat
1473510,16,field
1473511,16,field
1485779,15,field
1527674,19,field
1527675,7,field
1527676,5,field
1527677,16,field
1527678,15,field
1527679,1,field
1527680,16,field
1527681,15,field
1527682,5,bat
1527683,17,field
1527684,3,field
1527685,1,bat
1527686,7,field
1527687,15,field
1527688,17,field
1527689,5,field
1527690,16,field
1527691,15,field
1527692,18,field
1527693,7,field
1529264,5,field
1529265,1,field
1529266,19,field
1529267,16,field
